customerID,age,age_category,sex,bmi,SeniorCitizen,children,smoker,NUMBER,STREET,state,region,self_employed,insured_occupation,family_history,PaymentMethod,Enrollment charges,Average Monthly Tax Credit,Average Yearly Tax Credit,Medicaid Enrollment,Medicaid Enrollment ID,Medicare Enrollment ID,Metal Level,Issuer Name,HIOS Issuer ID,Plan ID ,policy_bind_date,Plan Marketing Name,Plan Type,policy_bind_date,months_as_customer,umbrella_limit,total_claim_amount,report_available,claim_date
7590-VHVEG,19,Minor,female,27.9,0,0,yes,1111,Country Club Rd,IL,southwest,NA,priv-house-serv,No,Electronic check,16884.92,$310 ,$3720,FALSE,5220103,989855,Silver,CareSource,54192,54192IN0020018,7/16/2002,"CareSource Marketplace Low Deductible Silver Dental, Vision, & Fitness",HMO,7/16/2002,5,0,96200,YES,2/6/2015
5575-GNVDE,18,Minor,male,33.77,0,1,no,51,Parish Dr,IN,southeast,NA,exec-managerial,No,Mailed check,1725.55,$750 ,$9000,TRUE,109617,88966,Bronze,University of Utah Health Plans,42261,42261UT0070001,11/28/2002,Healthy Premier Bronze w/3 Copays before Deductible,EPO,11/28/2002,462,0,31200,?,1/18/2015
3668-QPYBK,28,Major,male,33,0,3,no,90,Stockings Brook Rd,TX,southeast,NA,farming-fishing,No,Mailed check,4449.46,$230 ,$2760,TRUE,,1175624,Silver,Oscar Insurance Company of Florida,40572,40572FL0070006,5/12/2007,Oscar Classic Silver,EPO,5/12/2007,198,0,14500,?,2/13/2015
7795-CFOCW,33,Major,male,22.705,0,0,no,99,Lamentation Dr,TN,northwest,NA,transport-moving,Yes,Bank transfer (automatic),21984.47,$306 ,$3672,TRUE,4436889,606146,Silver,QC Life and Health,37903,37903AR0070025,2/10/1998,Ambetter Balanced Care 7 (2020) (QualChoiceLife),PPO,2/10/1998,384,1.00E+06,7500,NO,1/27/2015
9237-HQITU,32,Major,male,28.88,0,0,no,207,Lamentation Dr,MI,northwest,NA,armed-forces,Yes,Electronic check,3866.86,$309 ,$3708,TRUE,995177,5829777,Expanded Bronze,"HealthKeepers, Inc.",88380,88380VA0720018,3/1/2012,Anthem HealthKeepers Bronze X 5250,HMO,3/1/2012,100,4.00E+06,16500,YES,2/21/2015
9305-CDSKC,31,Major,female,25.74,0,0,no,152,Spruce Brook Rd,IL,southeast,NA,armed-forces,Yes,Electronic check,3756.62,$318 ,$3816,TRUE,5659289,820234,Silver,Ambetter from MHS,76179,76179IN0110011,1/9/1999,Ambetter Balanced Care 11 (2020),EPO,1/9/1999,306,3.00E+06,37710,NO,2/17/2015
1452-KIOVK,46,Major,female,33.44,0,1,no,1461,Kensington Rd,OH,southeast,NA,farming-fishing,No,Credit card (automatic),8240.59,$357 ,$4284,TRUE,9610386,644136,Gold,Molina Healthcare,54172,54172FL0010001,4/4/2003,Confident Care Gold 1,HMO,4/4/2003,105,5.00E+06,36400,YES,2/12/2015
6713-OKOMC,37,Major,female,27.74,0,3,no,77,Stockings Brook Rd,CA,northwest,NA,transport-moving,Yes,Mailed check,7281.51,$330 ,$3960,TRUE,9864600,186835,Expanded Bronze,Blue Cross Blue Shield of North Dakota,37160,37160ND2410020,7/24/2012,BlueDirect 100 Bronze,PPO,7/24/2012,249,0,83000,?,2/17/2015
7892-POOKP,37,Major,male,29.83,0,2,no,164,Spruce Brook Rd,CT,northeast,NA,tech-support,Yes,Electronic check,6406.41,$183 ,$2196,TRUE,177347,90492,Expanded Bronze,CareSource Georgia Co.,60224,60224GA0010001,5/8/1995,CareSource Marketplace Bronze,HMO,5/8/1995,44,0,34510,?,1/3/2015
6388-TABGU,60,Major,female,25.84,0,0,no,66,Cross Creek Dr,IL,northwest,NA,protective-serv,Yes,Bank transfer (automatic),28923.14,$305 ,$3660,FALSE,3117939,4149593,Gold,Ambetter of Tennessee,70111,70111TN0110006,7/5/2014,Ambetter Secure Care 5 (2020),EPO,7/5/2014,104,0,91100,?,2/21/2015
9763-GRSKD,25,Major,male,26.22,0,0,no,172,Spruce Brook Rd,TN,northeast,NA,priv-house-serv,No,Mailed check,2721.32,$291 ,$3492,FALSE,1627100,1574058,Gold,CareFirst BlueCross BlueShield,40308,40308VA0240007,10/28/2007,BluePreferred PPO Gold 1750,PPO,10/28/2007,173,0,55390,?,1/4/2015
7469-LKBCI,62,Major,female,26.29,0,0,yes,1386,Chamberlain Hwy,MD,southeast,Yes,exec-managerial,Yes,Credit card (automatic),27808.73,$270 ,$3240,TRUE,,252514,Silver,Blue Cross and Blue Shield of NC,11512,11512NC0100049,11/28/1991,Blue Value Silver 4500 (limited network),POS,11/28/1991,135,5.00E+06,54000,YES,1/12/2015
8091-TTVAX,23,Major,male,34.4,0,0,no,26,Magnolia Ln,NY,southwest,No,farming-fishing,Yes,Credit card (automatic),1826.84,$265 ,$3180,FALSE,9935517,294284,Silver,CareSource Georgia Co.,60224,60224GA0020005,5/6/1991,"CareSource Marketplace Low Deductible Silver Dental, Vision, & Fitness",HMO,5/6/1991,176,1.00E+06,11310,?,2/16/2015
0280-XJGEX,56,Major,female,39.82,0,0,no,61,Highview Ter,NC,southeast,Yes,prof-specialty,No,Bank transfer (automatic),11090.72,$237 ,$2844,TRUE,5727510,2118300,Silver,Community Health Options,33653,33653ME0050002,2/18/2000,Community Advance PPO,PPO,2/18/2000,79,2.00E+06,108710,?,1/18/2015
5129-JLPIS,27,Major,male,42.13,0,0,yes,878,Chamberlain Hwy,MA,southeast,No,armed-forces,No,Electronic check,39611.76,$259 ,$3108,TRUE,1220788,1181014,Silver,Anthem Blue Cross and Blue Shield,29276,29276OH0920418,6/2/2002,Anthem Silver Pathway X HMO 10 for HSA,HMO,6/2/2002,169,2.00E+06,2690,YES,2/22/2015
3655-SNQYZ,19,Minor,male,24.6,0,1,no,782,Kensington Rd,IA,southwest,No,prof-specialty,No,Credit card (automatic),1837.24,$307 ,$3684,TRUE,2748165,587780,Catastrophic,"Health Alliance Medical Plans, Inc.",20129,20129IL0330020,8/23/1994,HMO 8150 Elite Catastrophic,HMO,8/23/1994,89,0,1500,NO,2/12/2015
8191-XWSZG,52,Major,female,30.78,0,1,no,34,Magnolia Ln,CA,northeast,No,machine-op-inspct,Yes,Mailed check,10797.34,$247 ,$2964,FALSE,4123280,499753,Silver,Quartz,37833,37833WI0380028,8/30/1993,Quartz One Silver I302 with Dental,HMO,8/30/1993,85,1.00E+06,71240,?,1/30/2015
9959-WOFKT,23,Major,male,23.845,0,0,no,109,Cindy Ln,TN,northeast,No,priv-house-serv,Yes,Bank transfer (automatic),2395.17,$258 ,$3096,TRUE,2286693,881938,Expanded Bronze,Medica,20305,20305NE0040011,4/28/1994,Medica Insure Bronze HSA,EPO,4/28/1994,9,0,103600,?,1/27/2015
4190-MFLUW,56,Major,male,40.3,0,0,no,69,Walden Ct,TN,southwest,No,priv-house-serv,No,Credit card (automatic),10602.39,$362 ,$4344,TRUE,4666589,817272,Silver,Anthem Blue Cross and Blue Shield,36239,36239KY1140045,8/5/2006,Anthem Silver Pathway X HMO 7200,HMO,8/5/2006,150,0,39600,?,1/5/2015
4183-MYFRB,30,Major,male,35.3,0,0,yes,1343,High Rd,CA,southwest,No,other-service,Yes,Electronic check,36837.47,$342 ,$4104,FALSE,2379663,315160,Silver,QualChoice Health Insurance,70525,70525AR0070262,4/9/1999,Ambetter Balanced Care 15 (2020) (QualChoice),POS,4/9/1999,134,0,49400,?,1/8/2015
8779-QRDMV,60,Major,female,36.005,1,0,no,822,Lower Ln,OH,northeast,No,other-service,No,Electronic check,13228.85,$243 ,$2916,TRUE,4835428,960848,Expanded Bronze,Montana Health CO-OP,32225,32225MT0090007,6/3/1991,Connected Care Expanded Bronze,PPO,6/3/1991,11,0,17700,NO,2/12/2015
1680-VDCWW,30,Major,female,32.4,0,1,no,243,Somerset Dr,PA,southwest,Yes,adm-clerical,Yes,Bank transfer (automatic),4149.74,$190 ,$2280,TRUE,1489805,1252277,Expanded Bronze,FirstCare Health Plans,26539,26539TX0140009,11/7/1992,IND Bronze HMO  7500,HMO,11/7/1992,319,2.00E+06,9400,NO,1/24/2015
1066-JKSGK,18,Minor,male,34.1,0,0,no,333,Savage Hill Rd,WA,southeast,No,tech-support,Yes,Mailed check,1137.01,$233 ,$2796,TRUE,7505358,1947787,Silver,Quartz,37833,37833WI0510008,1/4/2009,Quartz Prime Silver I302,HMO,1/4/2009,105,2.00E+06,79100,NO,1/17/2015
3638-WEABW,34,Major,female,31.92,0,1,yes,47,Kramer Dr,WI,northeast,No,tech-support,No,Credit card (automatic),37701.88,$203 ,$2436,TRUE,1309684,944222,Silver,"Piedmont Community HealthCare HMO, Inc.",37204,37204VA0080002,11/18/1994,Piedmont Silver 6500,HMO,11/18/1994,10,1.00E+06,51320,?,2/4/2015
6322-HRPFA,37,Major,male,28.025,0,2,no,369,Savage Hill Rd,NY,northwest,No,tech-support,No,Credit card (automatic),6203.9,$306 ,$3672,FALSE,3980000,571699,Bronze,"HealthKeepers, Inc.",88380,88380VA0720031,3/16/2003,Anthem HealthKeepers Bronze X 7500,HMO,3/16/2003,423,0,70200,NO,2/16/2015
6865-JZNKO,59,Major,female,27.72,0,3,no,85,Casner Dr,IN,southeast,No,machine-op-inspct,No,Bank transfer (automatic),14001.13,$315 ,$3780,FALSE,874087,1163543,Silver,Molina Healthcare,40047,40047MI0010002,7/15/2011,Constant Care Silver 1,HMO,7/15/2011,330,0,133800,NO,1/22/2015
6467-CHFZW,63,Major,female,23.085,0,0,no,1340,Worthington Rdg,TX,northeast,No,machine-op-inspct,No,Electronic check,14451.84,$306 ,$3672,TRUE,1106091,209389,Gold,Ambetter of Peach State Inc.,70893,70893GA0010025,3/8/1998,Ambetter Secure Care 5 (2020),HMO,3/8/1998,371,1.00E+06,41770,?,1/21/2015
8665-UTDHZ,55,Major,female,32.775,0,2,no,39,Kramer Dr,MI,northwest,No,protective-serv,No,Electronic check,12268.63,$296 ,$3552,FALSE,1488950,322796,Gold,Medica,53461,53461MO0010001,8/29/2010,Select by Medica Gold Copay,EPO,8/29/2010,401,0,63300,NO,2/16/2015
5248-YGIJN,23,Major,male,17.385,0,1,no,393,Main St,IN,northwest,No,adm-clerical,No,Credit card (automatic),2775.19,$268 ,$3216,TRUE,6686316,471747,Silver,Blue Cross and Blue Shield of Texas,33602,33602TX0770181,4/24/2013,Blue Advantage Plus Silver 202,HMO,4/24/2013,16,4.00E+06,30300,?,2/13/2015
8773-HHUOZ,31,Major,male,36.3,0,2,yes,29,Kramer Dr,TX,southwest,No,handlers-cleaners,Yes,Mailed check,38711,$261 ,$3132,TRUE,5860119,275803,Gold,CareSource,54192,54192IN0020012,7/6/1996,"CareSource Marketplace Gold Dental, Vision, & Fitness",HMO,7/6/1996,273,0,64100,YES,1/8/2015
3841-NFECX,22,Major,male,35.6,1,0,yes,291,Brooke Meadow Rd,TN,southwest,No,adm-clerical,No,Credit card (automatic),35585.58,$322 ,$3864,TRUE,2080442,1528961,Bronze,Ambetter from Buckeye Health Plan,41047,41047OH0010044,4/19/2002,Ambetter Essential Care 1 (2020),HMO,4/19/2002,275,0,20700,?,1/12/2015
4929-XIHVW,18,Minor,female,26.315,1,0,no,114,Clock Shop Dr,IL,northeast,No,farming-fishing,Yes,Credit card (automatic),2198.19,$212 ,$2544,TRUE,1252304,385918,Bronze,Molina Healthcare,42326,42326SC0020003,1/28/2010,Core Care Bronze 1 + Vision,HMO,1/28/2010,217,2.00E+06,69730,NO,1/9/2015
6827-IEAUQ,19,Minor,female,28.6,0,5,no,737,Reservoir Rd,TX,southwest,No,prof-specialty,Yes,Mailed check,4687.8,$178 ,$2136,TRUE,1620795,3424666,Gold,Blue Cross and Blue Shield of NC,11512,11512NC0140002,5/10/2012,Blue Local Gold 3000 (local network with Atrium Health),POS,5/10/2012,136,1.00E+06,22500,NO,1/22/2015
7310-EGVHZ,63,Major,male,28.31,0,0,no,78,Steepleview Dr,UT,northwest,No,machine-op-inspct,No,Bank transfer (automatic),13770.1,$401 ,$4812,FALSE,8651919,1823454,Silver,Florida Blue HMO (a BlueCross BlueShield FL company),30252,30252FL0020070,3/4/2007,BlueCare Silver 1477,HMO,3/4/2007,232,1.00E+06,77300,NO,1/15/2015
3413-BMNZE,28,Major,male,36.4,1,1,yes,186,Norton Rd,NA,southwest,No,handlers-cleaners,No,Bank transfer (automatic),51194.56,$262 ,$3144,TRUE,4142907,122294,Silver,SelectHealth,68781,68781UT0020020,2/18/1999,Med HealthSave Silver 3250 (HSA Qualified),HMO,2/18/1999,249,7.00E+06,54300,YES,1/14/2015
6234-RAAPL,19,Minor,male,20.425,0,0,no,36,Steepleview Dr,TN,northwest,No,prof-specialty,No,Bank transfer (automatic),1625.43,$250 ,$3000,TRUE,967284,2208504,Gold,Highmark Blue Cross Blue Shield West Virginia,31274,31274WV0500006,8/2/2009,my Blue Access WV EPO Gold 800 - 2 Free PCP Visits,EPO,8/2/2009,173,5.00E+06,55020,NO,1/29/2015
6047-YHPVI,62,Major,female,32.965,0,3,no,1427,Berlin Tpke,NY,northwest,No,machine-op-inspct,Yes,Electronic check,15612.19,$298 ,$3576,FALSE,2300958,693677,Silver,Ambetter from MHS,76179,76179IN0130001,12/21/1996,Ambetter Balanced Care 1 (2020) + Vision + Adult Dental,EPO,12/21/1996,10,0,86000,YES,2/23/2015
6572-ADKRS,26,Major,male,20.8,0,0,no,210,Norton Rd,TN,southwest,No,handlers-cleaners,Yes,Credit card (automatic),2302.3,$253 ,$3036,TRUE,316471,784032,Silver,Bright Health,97906,97906TN0010032,12/16/2007,Silver 3,EPO,12/16/2007,198,1.00E+06,53400,NO,2/20/2015
5380-WJKOV,35,Major,male,36.67,0,1,yes,17,Cindy Ln,NY,northeast,No,handlers-cleaners,Yes,Electronic check,39774.28,$248 ,$2976,TRUE,4950497,2588577,Silver,Vantage Health Plan,67243,67243LA0090003,7/6/1996,Freedom Silver 4500,POS,7/6/1996,357,0,66170,YES,1/8/2015
8168-UQWWF,60,Major,male,39.9,0,0,yes,30,Pond Side Dr,TN,southwest,No,handlers-cleaners,No,Bank transfer (automatic),48173.36,$250 ,$3000,TRUE,4259335,208324,Expanded Bronze,Medica,39520,39520KS0050011,4/15/2013,Medica Connect Bronze H S A,EPO,4/15/2013,345,0,91000,YES,1/27/2015
8865-TNMNX,24,Major,female,26.6,0,0,no,11,Kelly Ann Ct,IA,northeast,No,machine-op-inspct,Yes,Mailed check,3046.06,$312 ,$3744,FALSE,4108492,974114,Gold,Florida Health Care Plans,56503,56503FL2600002,9/5/1996,Gym Access IND Gold POS BC 5651,POS,9/5/1996,12,6.00E+06,70000,?,1/13/2015
9489-DEDVP,31,Major,female,36.63,0,2,no,15,Streamside Ln,CA,southeast,No,prof-specialty,Yes,Credit card (automatic),4949.76,$307 ,$3684,FALSE,64598,161464,Gold,"True Health New Mexico, Inc.",42776,42776NM0070001,11/9/2008,True Gold Premier,HMO,11/9/2008,75,1.00E+06,49100,NO,1/20/2015
9867-JCZSP,41,Major,male,21.78,0,1,no,742,Worthington Rdg,TX,southeast,No,armed-forces,No,Mailed check,6272.48,$299 ,$3588,FALSE,665039,1266920,Gold,Sanford Health Plan,31195,31195SD0110001,7/29/2009,"Sanford Simplicity $1,750",PPO,7/29/2009,458,4.00E+06,38800,NO,2/19/2015
4671-VJLCL,37,Major,female,30.8,0,2,no,102,Robbins Rd,NM,southeast,No,priv-house-serv,No,Credit card (automatic),6313.76,$271 ,$3252,FALSE,255491,3765946,Gold,SummaCare,52664,52664OH1530006,8/3/2009,SummaCare Gold 1500 with SCConnect Network and 3 Free PCP Visits,HMO,8/3/2009,90,1.00E+06,74990,?,2/5/2015
4080-IIARD,38,Major,male,37.05,0,1,no,146,Mill St,NY,northeast,Yes,priv-house-serv,No,Electronic check,6079.67,$187 ,$2244,FALSE,5994255,358887,Catastrophic,Meridian Choice,58594,58594MI0020011,12/28/1999,Meridian Healthy Essentials,HMO,12/28/1999,392,7.00E+06,71500,?,1/8/2015
3714-NTNFO,55,Major,male,37.3,0,0,no,1196,Farmington Ave,MA,southwest,No,other-service,No,Electronic check,20630.28,$300 ,$3600,TRUE,3573215,136021,Silver,QC Life and Health,37903,37903AR0070025,2/22/1994,Ambetter Balanced Care 7 (2020) (QualChoiceLife),PPO,2/22/1994,592,2.00E+06,20450,?,2/27/2015
5948-UJZLF,18,Minor,female,38.665,0,2,no,1198,Farmington Ave,CA,northeast,No,prof-specialty,No,Mailed check,3393.36,$276 ,$3312,FALSE,9504692,1392261,Silver,CareSource Georgia Co.,60224,60224GA0020004,7/9/2013,"CareSource Marketplace Standard Silver Dental, Vision, & Fitness",HMO,7/9/2013,262,2.00E+06,64320,YES,2/1/2015
7760-OYPDY,28,Major,female,34.77,0,0,no,1130,Farmington Ave,WA,northwest,No,prof-specialty,No,Electronic check,3556.92,$238 ,$2856,TRUE,7521559,2374351,Gold,Blue Cross and Blue Shield of Illinois,36096,36096IL0810094,2/5/1994,Blue Precision Gold HMO 207,HMO,2/5/1994,258,5.00E+06,37720,YES,1/31/2015
7639-LIAYI,60,Major,female,24.53,0,0,no,1240,Farmington Ave,WA,southeast,Yes,tech-support,Yes,Credit card (automatic),12629.9,$388 ,$4656,TRUE,2048029,703588,Silver,Kaiser Permanente,89942,89942GA0050024,1/7/2011,KP GA Silver 4500/35,HMO,1/7/2011,231,2.00E+06,5290,NO,1/24/2015
2954-PIBKO,36,Major,male,35.2,0,1,yes,1201,Farmington Ave,UT,southeast,No,craft-repair,Yes,Credit card (automatic),38709.18,$332 ,$3984,FALSE,766732,2636450,Catastrophic,Oscar Insurance Company,20069,20069TX0100011,6/2/2012,Oscar Simple Secure,EPO,6/2/2012,128,0,28700,YES,2/2/2015
8012-SOUDQ,18,Minor,female,35.625,1,0,no,1500,Berlin Tpke,NY,northeast,No,sales,Yes,Electronic check,2211.13,$459 ,$5508,FALSE,,7807761,Silver,"Blue Cross and Blue Shield of Kansas, Inc.",18558,18558KS0400008,12/7/1999,BlueCare EPO Simple Silver HDHP,EPO,12/7/1999,189,5.00E+06,82600,?,2/24/2015
9420-LOJKX,21,Major,female,33.63,0,2,no,191,Farmington Ave,NY,northwest,Yes,exec-managerial,No,Credit card (automatic),3579.83,$291 ,$3492,FALSE,7672963,7898516,Silver,Cigna Health and Life Insurance Company,41921,41921VA0020029,2/8/2009,Cigna Connect 6500,EPO,2/8/2009,212,2.00E+06,59510,YES,1/20/2015
6575-SUVOI,48,Major,male,28,1,1,yes,1107,Farmington Ave,CA,southwest,No,transport-moving,Yes,Credit card (automatic),23568.27,$326,$3912,TRUE,2842127,8963279,Expanded Bronze,Medica,93078,93078IA0060029,2/25/2011,Medica Insure Bronze Share Plus,EPO,2/25/2011,154,1.00E+06,42720,NO,1/30/2015
7495-OOKFY,36,Major,male,34.43,1,0,yes,1231,Farmington Ave,TX,southeast,No,protective-serv,No,Credit card (automatic),37742.58,$102,$1224,TRUE,5345498,9287734,Silver,CareSource,77552,77552OH0020205,10/27/2001,"CareSource Marketplace Low Deductible Silver Dental, Vision, & Fitness",HMO,10/27/2001,146,0,15200,?,1/20/2015
4667-QONEA,40,Major,female,28.69,1,3,no,71,Deming Rd,OR,northwest,No,adm-clerical,Yes,Credit card (automatic),8059.68,$400,$4800,TRUE,8709899,4649848,Silver,Optima Health,20507,20507VA1410026,7/9/2002,OptimaFit Silver 6600 30% Direct M,HMO,7/9/2002,22,1.00E+06,65510,YES,2/4/2015
1658-BYGOY,58,Major,male,36.955,1,2,yes,51,Depot Rd,FL,northwest,No,farming-fishing,No,Electronic check,47496.49,$413,$4956,TRUE,287173,3477881,Silver,"HealthKeepers, Inc.",88380,88380VA0720035,8/8/1994,Anthem HealthKeepers Silver X 2000,HMO,8/8/1994,284,0,57000,YES,2/13/2015
8769-KKTPH,58,Major,female,31.825,0,2,no,861,Beckley Rd,IL,northeast,No,adm-clerical,No,Credit card (automatic),13607.37,$147,$1764,TRUE,256341,5268214,Bronze,Blue Cross and Blue Shield of Illinois,36096,36096IL0990175,7/8/1996,Blue Choice Preferred Bronze PPO 202,PPO,7/8/1996,112,1.00E+06,82400,?,2/17/2015
5067-XJQFU,18,Minor,male,31.68,1,2,yes,867,Beckley Rd,NY,southeast,No,farming-fishing,No,Electronic check,34303.17,$148,$1776,TRUE,9938452,3437927,Silver,Ambetter from Home State Health,99723,99723MO0090010,12/1/2000,Ambetter Balanced Care 11 (2020),EPO,12/1/2000,300,4.00E+06,77000,NO,2/7/2015
3957-SQXML,53,Major,female,22.88,0,1,yes,221,Christian Ln,TX,southeast,No,prof-specialty,No,Credit card (automatic),23244.79,$360,$4320,TRUE,1022835,7548037,Silver,Quartz,37833,37833WI0380028,6/30/2002,Quartz One Silver I302 with Dental,HMO,6/30/2002,172,2.00E+06,82400,?,1/7/2015
5954-BDFSG,34,Major,female,37.335,0,2,no,100,Webster Square Rd,OH,northwest,No,protective-serv,No,Credit card (automatic),5989.52,$117,$1404,TRUE,224048,1533487,Silver,Blue Care Network of Michigan,98185,98185MI0180005,4/7/1992,Blue Cross Preferred HMO Silver,HMO,4/7/1992,247,8.00E+06,38090,?,1/9/2015
0434-CSFON,43,Major,male,27.36,0,3,no,63,Pepin Ln,MN,northeast,No,priv-house-serv,No,Electronic check,8606.22,$179,$2148,FALSE,7151884,5013019,Gold,SelectHealth,68781,68781UT0020007,10/6/2002,Med Gold 1500 - no deductible for office visits,HMO,10/6/2002,124,1.00E+06,48900,?,2/27/2015
1215-FIGMP,25,Major,male,33.66,0,4,no,43,Pepin Ln,MO,southeast,No,sales,Yes,Bank transfer (automatic),4504.66,$382,$4584,FALSE,,6067021,Gold,Ambetter from Buckeye Health Plan,41047,41047OH0030041,3/3/2007,Ambetter Secure Care 5 (2020) + Vision + Adult Dental,HMO,3/3/2007,97,0,94400,?,1/14/2015
0526-SXDJP,64,Major,male,24.7,0,1,no,71,Pepin Ln,AZ,northwest,No,exec-managerial,No,Bank transfer (automatic),30166.62,$223,$2676,TRUE,7663028,487944,Gold,Blue Cross and Blue Shield of Oklahoma,87571,87571OK0320092,6/5/2011,Blue Preferred Gold PPO 205,PPO,6/5/2011,343,2.00E+06,44300,?,2/21/2015
0557-ASKVU,28,Major,female,25.935,0,1,no,74,Pepin Ln,IN,northwest,No,protective-serv,No,Credit card (automatic),4133.64,$398,$4776,FALSE,3804037,3580218,Expanded Bronze,"Health Alliance Medical Plans, Inc.",20129,20129IL0330026,6/17/2006,HMO 5000 Elite Bronze,HMO,6/17/2006,317,0,41100,YES,2/1/2015
5698-BQJOH,20,Minor,female,22.42,0,0,yes,196,Old Brickyard Ln,MA,northwest,No,other-service,No,Electronic check,14711.74,$274,$3288,TRUE,,2983185,Gold,Highmark Blue Cross Blue Shield West Virginia,31274,31274WV0500006,7/7/1997,my Blue Access WV EPO Gold 800 - 2 Free PCP Visits,EPO,7/7/1997,651,1.00E+06,73400,NO,1/9/2015
5122-CYFXA,19,Minor,female,28.9,0,0,no,196,Farmington Ave,NY,southwest,No,adm-clerical,Yes,Electronic check,1743.21,$445,$5340,TRUE,9495800,5062984,Expanded Bronze,Ambetter from Superior HealthPlan,29418,29418TX0160029,1/16/2013,Ambetter Essential Care 10 (2020) + Vision + Adult Dental,EPO,1/16/2013,333,6.00E+06,43240,?,2/9/2015
8627-ZYGSZ,61,Major,female,39.1,0,2,no,204,Old Brickyard Ln,WI,southwest,No,prof-specialty,Yes,Electronic check,14235.07,$256,$3072,TRUE,6400403,9068332,Silver,Blue Cross Blue Shield of North Dakota,37160,37160ND2410002,8/5/2005,BlueCare 70 Silver,PPO,8/5/2005,1,0,47600,NO,2/17/2015
3410-YOQBQ,40,Major,male,26.315,0,1,no,202,Old Brickyard Ln,NY,northwest,No,transport-moving,No,Mailed check,6389.38,$219,$2628,FALSE,1021862,7037558,Silver,Ambetter from MHS,76179,76179IN0110008,6/23/2000,Ambetter Balanced Care 4 (2020),EPO,6/23/2000,551,0,72200,NO,1/17/2015
3170-NMYVV,40,Major,female,36.19,0,0,no,228,Main St,MO,southeast,No,transport-moving,Yes,Bank transfer (automatic),5920.1,$493,$5916,TRUE,5368658,9800950,Expanded Bronze,"Health Alliance Medical Plans, Inc.",20129,20129IL0340018,3/30/1995,POS 5000 Elite Bronze,POS,3/30/1995,61,6.00E+06,51900,YES,2/11/2015
7410-OIEDU,28,Major,male,23.98,0,3,yes,34,Lower Ln,OR,southeast,No,prof-specialty,Yes,Mailed check,17663.14,$240,$2880,TRUE,2370478,6214581,Expanded Bronze,BlueCross BlueShield of South Carolina,26065,26065SC0380014,3/11/2010,BlueEssentials HD Bronze 5,EPO,3/11/2010,217,0,26160,NO,2/4/2015
2273-QCKXA,27,Major,female,24.75,0,0,yes,364,Berlin St,TN,southeast,No,other-service,Yes,Mailed check,16577.78,$271,$3252,FALSE,166625,1475671,Silver,Oscar Insurance Company,20069,20069TX0100008,10/14/1992,Oscar Saver Silver,EPO,10/14/1992,463,0,81570,?,2/23/2015
0731-EBJQB,31,Major,male,28.5,0,5,no,372,Lower Ln,WA,northeast,No,exec-managerial,No,Electronic check,6799.46,$300,$3600,TRUE,3250327,6641140,Silver,BlueCross BlueShield of South Carolina,26065,26065SC0380022,6/8/2002,BlueEssentials HD Silver 13,EPO,6/8/2002,288,0,33120,NO,3/1/2015
1891-QRQSA,53,Major,female,28.1,1,3,no,39,Mattabassett St,NY,southwest,No,armed-forces,No,Bank transfer (automatic),11741.73,$111,$1332,TRUE,4790490,5894742,Silver,Anthem Blue Cross and Blue Shield,32753,32753MO0950006,7/29/2009,Anthem Silver Pathway X 3950,EPO,7/29/2009,560,6.00E+06,19600,NO,2/19/2015
8028-PNXHQ,58,Major,male,32.01,0,1,no,450,New Britain Rd,CA,southeast,No,other-service,No,Bank transfer (automatic),11946.63,$477,$5724,TRUE,8422558,3469747,Silver,Ambetter from Superior HealthPlan,29418,29418TX0150014,3/11/2010,Ambetter Balanced Care 1 (2020) + Adult Vision,EPO,3/11/2010,70,6.00E+06,75800,YES,2/6/2015
5630-AHZIL,44,Major,male,27.4,0,2,no,493,Worthington Rdg,MO,southwest,No,handlers-cleaners,Yes,Bank transfer (automatic),7726.85,$380,$4560,TRUE,242702,37908,Silver,Kaiser Permanente,60612,60612HI0110013,8/12/2004,KP HI Silver 4000/45,HMO,8/12/2004,441,0,76670,?,2/18/2015
2673-CXQEU,57,Major,male,34.01,1,0,no,59,Treasure Ave,NY,northwest,No,farming-fishing,No,Electronic check,11356.66,$323,$3876,FALSE,3644673,7515522,Bronze,Ambetter from MHS,76179,76179IN0110016,11/8/2009,Ambetter Essential Care 1 (2020),EPO,11/8/2009,113,0,99900,YES,1/20/2015
6416-JNVRK,29,Major,female,29.59,0,1,no,74,Becker Ave,TX,southeast,No,sales,No,Credit card (automatic),3947.41,$387,$4644,FALSE,5856210,1990788,Silver,Arkansas Blue Cross and Blue Shield,75293,75293AR1200014,12/6/1995,Silver Plan 2,PPO,12/6/1995,27,0,84300,NO,2/26/2015
5590-ZSKRV,21,Major,male,35.53,0,0,no,11,Porters Pass,CT,southeast,No,farming-fishing,No,Mailed check,1532.47,$125,$1500,TRUE,6564827,345497,Silver,FirstCare Health Plans,26539,26539TX0140008,12/17/1995,IND Silver HMO 7800,HMO,12/17/1995,338,0,8800,NO,1/4/2015
0191-ZHSKZ,22,Major,female,39.805,1,0,no,1,Pepin Ln,CO,northeast,No,priv-house-serv,No,Electronic check,2755.02,$293,$3516,FALSE,6320162,1407026,Silver,Blue Cross Blue Shield Healthcare Plan of Georgia,49046,49046GA0410116,5/25/2011,Anthem Silver Pathway X HMO 2600,HMO,5/25/2011,280,5.00E+06,24290,NO,2/24/2015
3887-PBQAO,41,Major,female,32.965,0,0,no,159,Edgewood Ave,GA,northwest,No,priv-house-serv,No,Credit card (automatic),6571.02,$146,$1752,TRUE,531237,7414669,Silver,Highmark Inc.,33709,33709PA0880001,1/8/2013,my Direct Blue Conemaugh EPO Silver 3950 HSA,EPO,1/8/2013,238,5.00E+06,62900,?,2/22/2015
5919-TMRGD,31,Major,male,26.885,0,1,no,500,Norton Ln,DC,northeast,No,priv-house-serv,No,Electronic check,4441.21,$377,$4524,TRUE,619055,9376456,Silver,Dean Health Plan,38345,38345WI0240004,12/5/2007,Prevea360 Silver Classic 5000X,HMO,12/5/2007,188,0,56140,?,2/14/2015
8108-UXRQN,45,Major,female,38.285,0,0,no,68,Raspberry Hl,MN,northeast,No,tech-support,Yes,Electronic check,7935.29,$215,$2580,TRUE,8309908,7382896,Silver,CareSource,54192,54192IN0010014,3/1/1991,CareSource Marketplace Standard Silver,HMO,3/1/1991,434,0,30200,YES,2/28/2015
9191-MYQKX,22,Major,male,37.62,0,1,yes,27,Thompson Rd,WA,southeast,No,tech-support,No,Bank transfer (automatic),37165.16,$236,$2832,TRUE,2874391,6359411,Silver,Ambetter from MHS,76179,76179IN0110014,9/20/1990,Ambetter Balanced Care 14 (2020),EPO,9/20/1990,289,0,65480,YES,1/22/2015
9919-YLNNG,48,Major,female,41.23,0,4,no,141,Wilks Pond Rd,WA,northwest,No,handlers-cleaners,Yes,Bank transfer (automatic),11033.66,$402,$4824,TRUE,7606291,8692807,Gold,Blue Cross and Blue Shield of Montana,30751,30751MT0550038,12/7/1999,Blue Preferred Gold PPO 204 - Two $10 PCP Visits,PPO,12/7/1999,307,4.00E+06,24230,YES,1/2/2015
0318-ZOPWS,37,Major,female,34.8,0,2,yes,74,Raspberry Hl,OR,southwest,No,priv-house-serv,No,Bank transfer (automatic),39836.52,$314,$3768,FALSE,4601687,6492451,Silver,Blue Cross Blue Shield Healthcare Plan of Georgia,49046,49046GA0410116,6/16/1993,Anthem Silver Pathway X HMO 2600,HMO,6/16/1993,132,8.00E+06,77200,NO,1/9/2015
4445-ZJNMU,45,Major,male,22.895,0,2,yes,93,Elton Rd,IL,northwest,No,prof-specialty,Yes,Credit card (automatic),21098.55,$289,$3468,TRUE,5946648,2407078,Expanded Bronze,Medica,21333,21333OK0020023,12/23/2013,Medica Quest Bronze HSA Plus,PPO,12/23/2013,310,1.00E+06,96470,YES,2/12/2015
4808-YNLEU,57,Major,female,31.16,0,0,yes,11,Toll Gate Rd,CA,northwest,No,prof-specialty,No,Bank transfer (automatic),43578.94,$223,$2676,TRUE,3446338,8033979,Bronze,Blue Cross and Blue Shield of NC,11512,11512NC0100003,11/9/2008,Blue Value Bronze 8150 (limited network),POS,11/9/2008,140,2.00E+06,38390,NO,1/20/2015
1862-QRWPE,56,Major,female,27.2,0,0,no,1296,Kensington Rd,NE,southwest,No,adm-clerical,No,Bank transfer (automatic),11073.18,$378,$4536,FALSE,8981567,2370036,Silver,Kaiser Permanente,71287,71287OR0420003,10/1/2006,KP Oregon Standard Silver Plan,EPO,10/1/2006,63,6.00E+06,80200,YES,2/21/2015
2796-NNUFI,46,Major,female,27.74,0,0,no,48,Raspberry Hl,IA,northwest,No,protective-serv,No,Mailed check,8026.67,$399,$4788,TRUE,3877431,2069943,Gold,Blue Cross Blue Shield of North Dakota,37160,37160ND2410022,12/9/2005,BlueDirect 90 Gold,PPO,12/9/2005,124,1.00E+06,48400,NO,2/19/2015
3016-KSVCP,55,Major,female,26.98,0,0,no,53,Division St,MD,northwest,No,priv-house-serv,No,Mailed check,11082.58,$225,$2700,TRUE,2053628,1961092,Expanded Bronze,SelectHealth,68781,68781UT0020043,12/15/1996,Med Expanded Bronze 4800 Copay Plan - no deductible for one urgent care and all PCP visits,HMO,12/15/1996,207,0,34990,?,1/28/2015
4767-HZZHQ,21,Major,female,39.49,0,0,no,59,Old Farms Pl,OR,southeast,No,adm-clerical,Yes,Bank transfer (automatic),2026.97,$298,$3576,TRUE,8275610,2507913,Gold,Medica,20305,20305NE0040025,4/7/1999,Medica Insure Gold Share,EPO,4/7/1999,524,0,49800,YES,1/7/2015
2424-WVHPL,53,Major,female,24.795,1,1,no,118,Warner Rd,TX,northwest,No,exec-managerial,No,Electronic check,10942.13,$379,$4548,FALSE,4707344,3292222,Silver,Ambetter from Sunshine Health,21663,21663FL0130035,1/18/1997,Ambetter Balanced Care 5 (2020),EPO,1/18/1997,248,7.00E+06,65000,?,2/24/2015
7233-PAHHL,59,Major,male,29.83,0,3,yes,154,Robindale Dr,MN,northeast,No,exec-managerial,No,Mailed check,30184.94,$142,$1704,FALSE,4920305,9021295,Gold,Blue Cross Blue Shield Healthcare Plan of Georgia,49046,49046GA0410097,8/22/1991,Anthem Gold Pathway X HMO 1850,HMO,8/22/1991,325,1.00E+06,122500,YES,1/14/2015
6067-NGCEU,35,Major,male,34.77,0,2,no,53,Sugar Maple Ln,PA,northwest,No,exec-managerial,Yes,Credit card (automatic),5729.01,$366,$4392,FALSE,5334006,2344072,Silver,Anthem Blue Cross and Blue Shield,32753,32753MO0950013,5/29/1999,Anthem Silver Pathway X 5500,EPO,5/29/1999,506,1.00E+06,116900,YES,2/15/2015
9848-JQJTX,64,Major,female,31.3,0,2,yes,66,Ronal Dr,IN,southwest,No,protective-serv,Yes,Bank transfer (automatic),47291.06,$172,$2064,FALSE,5601255,5431729,Silver,Cox Health Systems Insurance Company,96384,96384MO0220006,10/29/1991,Cox HealthPlans Silver Connect 6,EPO,10/29/1991,234,0,19280,?,2/16/2015
8637-XJIVR,28,Major,female,37.62,0,1,no,160,Four Rod Rd,WV,southeast,No,other-service,No,Electronic check,3766.88,$162,$1944,FALSE,3901740,1717469,Silver,Bright Health Insurance Company,83653,83653NE0010022,6/25/2002,Silver 9,EPO,6/25/2002,457,5.00E+06,40900,?,1/1/2015
9803-FTJCG,54,Major,female,30.8,0,3,no,147,Percival Ave,MI,southwest,No,other-service,No,Credit card (automatic),12105.32,$398,$4776,TRUE,3741438,4019419,Bronze,Dean Health Plan,38345,38345WI0010119,4/9/1999,Dean Bronze Value Copay 8100X,HMO,4/9/1999,304,0,30950,?,1/8/2015
0278-YXOOG,55,Major,male,38.28,0,0,no,131,Robindale Dr,CA,southeast,No,protective-serv,Yes,Mailed check,10226.28,$176,$2112,FALSE,583995,9482178,Bronze,Blue Cross and Blue Shield of Texas,33602,33602TX0770253,10/2/1990,Blue Advantage Plus Bronze 305,HMO,10/2/1990,68,5.00E+06,100600,?,2/12/2015
3212-KXOCR,56,Major,male,19.95,0,0,yes,43,Sugar Maple Ln,IL,northeast,No,tech-support,No,Bank transfer (automatic),22412.65,$438,$5256,TRUE,9265126,9409272,Expanded Bronze,Blue Cross Blue Shield Healthcare Plan of Georgia,49046,49046GA0410036,4/17/1999,Anthem Bronze Pathway X Guided Access HMO 5500,HMO,4/17/1999,634,0,10620,YES,2/9/2015
4598-XLKNJ,38,Major,male,19.3,1,0,yes,63,Sugar Maple Ln,IL,southwest,No,machine-op-inspct,Yes,Electronic check,15820.7,$376,$4512,TRUE,7880950,1950240,Expanded Bronze,Montana Health CO-OP,32225,32225MT0090004,4/20/2004,Connected Care Bronze Plus,PPO,4/20/2004,265,1.00E+06,74600,?,1/11/2015
6380-ARCEH,41,Major,female,31.6,0,0,no,161,Four Rod Rd,CA,southwest,No,prof-specialty,Yes,Mailed check,6186.13,$407,$4884,FALSE,1610719,4084011,Expanded Bronze,CareSource Georgia Co.,60224,60224GA0010006,10/21/2005,CareSource Marketplace HSA Eligible Bronze,HMO,10/21/2005,27,0,68850,NO,2/23/2015
3679-XASPY,30,Major,male,25.46,0,0,no,174,Percival Ave,OK,northeast,No,tech-support,No,Electronic check,3645.09,$464,$5568,FALSE,910775,1201729,Expanded Bronze,Blue Care Network of Michigan,98185,98185MI0440006,11/15/2000,Blue Cross Select HMO Bronze Saver HSA,HMO,11/15/2000,267,1.00E+06,109700,?,2/14/2015
7123-WQUHX,18,Minor,female,30.115,0,0,no,158,Webster Rdg,UT,northeast,No,machine-op-inspct,No,Bank transfer (automatic),21344.85,$159,$1908,FALSE,898355,67586,Expanded Bronze,Anthem Blue Cross and Blue Shield,32753,32753MO0950017,7/5/1999,Anthem Bronze Pathway X 4000 Online Plus,EPO,7/5/1999,385,2.00E+06,61400,NO,3/1/2015
5386-THSLQ,61,Major,female,29.92,1,3,yes,149,Carriage Dr,IL,southeast,No,craft-repair,Yes,Bank transfer (automatic),30942.19,$405,$4860,TRUE,1227834,1278875,Silver,Ambetter from MHS,76179,76179IN0110002,1/11/2010,Ambetter Balanced Care 1 (2020),EPO,1/11/2010,273,2.00E+06,53600,?,1/12/2015
3192-NQECA,34,Major,female,27.5,0,1,no,395,Lower Ln,NY,southwest,No,armed-forces,Yes,Bank transfer (automatic),5003.85,$483,$5796,TRUE,8654989,3889836,Bronze,Anthem Blue Cross and Blue Shield,29276,29276OH0920414,9/29/1999,Anthem Bronze Pathway X HMO 8150,HMO,9/29/1999,424,0,33620,YES,2/24/2015
6180-YBIQI,20,Minor,male,28.025,0,1,yes,339,Berlin St,CA,northwest,No,adm-clerical,No,Mailed check,17560.38,$418,$5016,TRUE,1716198,8665671,Bronze,Ambetter of Peach State Inc.,70893,70893GA0010015,4/21/2001,Ambetter Essential Care 1 (2020),HMO,4/21/2001,364,7.00E+06,83400,?,2/20/2015
6728-DKUCO,19,Minor,female,28.4,0,1,no,161,Crater Ln,MA,southwest,No,machine-op-inspct,Yes,Electronic check,2331.52,$133,$1596,TRUE,4063721,4671722,Gold,"UPMC Health Options, Inc.",16322,16322PA0040010,7/5/1999,UPMC Advantage Gold $900/$25 - Premium Network,PPO,7/5/1999,359,0,55970,NO,3/1/2015
9750-BOOHV,26,Major,male,30.875,0,2,no,53,Sunmeadow Dr,WA,northwest,Yes,transport-moving,Yes,Mailed check,3877.3,$251,$3012,TRUE,8106609,4630765,Bronze,Dean Health Plan,38345,38345WI0240007,12/6/1996,Prevea360 Bronze Value Copay 8100X,HMO,12/6/1996,104,0,70510,NO,1/1/2015
8597-CWYHH,29,Major,male,27.94,0,0,no,1113,High Rd,MN,southeast,No,farming-fishing,No,Mailed check,2867.12,$318,$3816,TRUE,6431165,6024261,Silver,PacificSource Health Plans,10091,10091OR0680007,2/4/1992,PacificSource Oregon Standard Silver Plan NAV,PPO,2/4/1992,303,0,107300,NO,2/11/2015
2848-YXSMW,63,Major,male,35.09,0,0,yes,171,Crater Ln,CA,southeast,No,machine-op-inspct,No,Credit card (automatic),47055.53,$212,$2544,TRUE,8604005,975359,Silver,Highmark Inc.,33709,33709PA1010002,9/22/1990,my Blue Access EPO Silver 3950 HSA,EPO,9/22/1990,288,0,91440,YES,2/18/2015
0486-HECZI,54,Major,male,33.63,0,1,no,91,Crater Ln,NC,northwest,No,sales,No,Electronic check,10825.25,$418,$5016,TRUE,1046897,3067608,Gold,CareSource,54192,54192IN0020012,9/6/2000,"CareSource Marketplace Gold Dental, Vision, & Fitness",HMO,9/6/2000,139,3.00E+06,22900,NO,2/22/2015
4549-ZDQYY,55,Major,female,29.7,0,2,no,309,Berlin St,MO,southwest,No,other-service,No,Credit card (automatic),11881.36,$283,$3396,FALSE,,4648002,Gold,Oscar Buckeye State Insurance Corp.,29341,29341OH0100013,4/13/1991,Oscar Classic Gold,HMO,4/13/1991,478,1.00E+06,75250,YES,1/12/2015
5712-AHQNN,37,Major,male,30.8,0,0,no,158,Misty Mountain Rd,MA,southwest,No,protective-serv,No,Electronic check,4646.76,$241,$2892,FALSE,89763,4512029,Gold,Kaiser Permanente,89942,89942GA0050022,4/25/2007,KP GA Signature Gold 1500/20,HMO,4/25/2007,279,4.00E+06,42000,NO,1/18/2015
4846-WHAFZ,21,Major,female,35.72,1,0,no,71,Crater Ln,CA,northwest,No,protective-serv,No,Electronic check,2404.73,$226,$2712,TRUE,6621320,185274,Gold,Ambetter of Peach State Inc.,70893,70893GA0010025,4/25/2007,Ambetter Secure Care 5 (2020),HMO,4/25/2007,148,7.00E+06,400,NO,1/18/2015
5256-SKJGO,52,Major,male,32.205,0,3,no,659,Chamberlain Hwy,TX,northeast,No,handlers-cleaners,No,Electronic check,11488.32,$201,$2412,FALSE,6266348,8307218,Expanded Bronze,Quartz,85773,85773IL0030011,4/15/2013,Performance Bronze I203 HSA,HMO,4/15/2013,425,0,111650,YES,1/27/2015
3071-VBYPO,60,Major,male,28.595,0,0,no,181,Crater Ln,CA,northeast,No,armed-forces,No,Electronic check,30260,$413,$4956,TRUE,,3235219,Expanded Bronze,Blue Cross Blue Shield Healthcare Plan of Georgia,49046,49046GA0410017,2/25/2008,Anthem Bronze Pathway X HMO 5200,HMO,2/25/2008,74,0,5980,NO,2/21/2015
9560-BBZXK,58,Major,male,49.06,0,0,no,73,Jeffrey Ln,WA,southeast,No,farming-fishing,Yes,Bank transfer (automatic),11381.33,$317,$3804,TRUE,9663565,4399520,Silver,CareSource Just4Me,45636,45636KY0020014,12/25/1991,"CareSource Marketplace Low Premium Silver Dental, Vision, & Fitness",HMO,12/25/1991,150,0,27030,?,1/3/2015
5299-RULOA,29,Major,female,27.94,0,1,yes,54,Fawn Dr,MA,southeast,No,protective-serv,No,Electronic check,19107.78,$444,$5328,TRUE,4396674,8438849,Expanded Bronze,McLaren Health Plan Community,74917,74917MI0020013,10/29/1991,McLaren Bronze Saver,HMO,10/29/1991,283,1.00E+06,31430,?,2/16/2015
8402-OOOHJ,49,Major,female,27.17,0,0,no,75,Tree Hill Rd,CA,southeast,No,transport-moving,Yes,Mailed check,8601.33,$115,$1380,FALSE,6944873,774051,Expanded Bronze,Blue Cross and Blue Shield of NC,11512,11512NC0060031,3/7/2005,Blue Advantage Bronze 7500 (broad network),PPO,3/7/2005,285,1.00E+07,49650,YES,2/12/2015
9445-ZUEQE,37,Major,female,23.37,0,2,no,294,Main St,MI,northwest,No,priv-house-serv,Yes,Credit card (automatic),6686.43,$260,$3120,TRUE,4990325,9504415,Silver,Blue Cross and Blue Shield of Texas,33602,33602TX0860007,5/20/1995,MyBlue Health Silver 405,HMO,5/20/1995,410,0,56220,NO,2/9/2015
1091-SOZGA,44,Major,male,37.1,0,2,no,96,Castlewood Dr,CA,southwest,No,sales,No,Credit card (automatic),7740.34,$418,$5016,TRUE,7021412,4344563,Catastrophic,Highmark Blue Cross Blue Shield West Virginia,31274,31274WV0490001,9/10/1998,my Blue Access WV Major Events EPO 8150 - 3 Free PCP Visits,EPO,9/10/1998,94,4.00E+06,88480,NO,1/7/2015
2928-HLDBA,18,Minor,male,23.75,0,0,no,699,Lower Ln,NY,northeast,No,handlers-cleaners,No,Mailed check,1705.62,$360,$4320,FALSE,8527986,7247342,Catastrophic,Blue Cross and Blue Shield of Oklahoma,87571,87571OK0320087,1/8/1994,Blue Preferred Security PPO 200,PPO,1/8/1994,139,0,28500,NO,2/3/2015
0404-SWRVG,20,Minor,female,28.975,0,0,no,182,Brooke Meadow Rd,CA,northwest,No,priv-house-serv,No,Electronic check,2257.48,$458,$5496,TRUE,4480352,6730869,Expanded Bronze,Florida Blue HMO (a BlueCross BlueShield FL company),30252,30252FL0020066,11/10/1992,BlueCare Bronze 1483,HMO,11/10/1992,351,2.00E+06,1700,?,1/25/2015
6497-TILVL,44,Major,male,31.35,0,1,yes,79,Castlewood Dr,TN,northeast,No,other-service,Yes,Mailed check,39556.49,$262,$3144,TRUE,,6294205,Catastrophic,Oscar Insurance Corporation of Ohio,45845,45845OH0100011,8/9/1990,Oscar Simple Secure,HMO,8/9/1990,78,0,15700,?,1/28/2015
7219-TLZHO,47,Major,female,33.915,0,3,no,167,Stillmeadow Ln,OR,northwest,No,tech-support,Yes,Mailed check,10115.01,$485,$5820,TRUE,1564059,85721,Silver,Ambetter from MHS,76179,76179IN0130014,11/15/2000,Ambetter Balanced Care 14 (2020) + Vision + Adult Dental,EPO,11/15/2000,142,2.00E+06,91160,?,2/14/2015
4622-YNKIJ,26,Major,female,28.785,0,0,no,311,Four Rod Rd,MN,northeast,No,prof-specialty,No,Electronic check,3385.4,$372,$4464,TRUE,2305075,9862649,Silver,Blue Cross Blue Shield of Michigan,15560,15560MI1130001,11/25/2006,Blue Cross Premier PPO Silver Extra,PPO,11/25/2006,205,0,81920,NO,1/12/2015
4412-YLTKF,19,Minor,female,28.3,1,0,yes,157,Vineyard Dr,FL,southwest,No,exec-managerial,No,Electronic check,17081.08,$237,$2844,FALSE,6683967,5173385,Silver,Quartz,37833,37833WI0380029,7/4/1997,Quartz One Silver I303 with Dental,HMO,7/4/1997,61,6.00E+06,7300,?,1/3/2015
6734-PSBAW,52,Major,female,37.4,0,0,no,45,Winding Meadow Dr,MA,southwest,No,other-service,No,Bank transfer (automatic),9634.54,$110,$1320,FALSE,5049449,7379211,Silver,Oscar Insurance Company,23552,23552TN0020007,2/15/2011,Oscar Simple Silver,EPO,2/15/2011,49,6.00E+06,21700,NO,1/29/2015
3930-ZGWVE,32,Major,female,17.765,0,2,yes,69,Eastbrook Ter,KS,northwest,No,sales,No,Mailed check,32734.19,$457,$5484,TRUE,8273273,6396557,Bronze,New Mexico Health Connections,93091,93091NM0010011,12/21/2002,Care Connect HDHP Bronze,HMO,12/21/2002,359,0,50510,?,1/11/2015
2639-UGMAZ,38,Major,male,34.7,1,2,no,8,Kelly Ann Ct,DC,southwest,No,other-service,No,Electronic check,6082.41,$133,$1596,FALSE,1116282,1293132,Silver,Harvard Pilgrim Health Care of NE,59025,59025NH0370016,9/17/2003,ElevateHealth HMO Silver 5000,HMO,9/17/2003,242,0,68820,?,2/27/2015
2876-GZYZC,59,Major,female,26.505,0,0,no,116,Robbins Rd,TX,northeast,No,armed-forces,Yes,Electronic check,12815.44,$304,$3648,TRUE,,4926171,Gold,BlueCross BlueShield of South Carolina,26065,26065SC0380021,1/24/2009,BlueEssentials Gold 4,EPO,1/24/2009,176,1.00E+06,83920,NO,2/4/2015
6207-WIOLX,61,Major,female,22.04,0,0,no,128,Cynthia Dr,MA,northeast,No,adm-clerical,No,Credit card (automatic),13616.36,$441,$5292,TRUE,1797982,9059143,Silver,Blue Cross Blue Shield of Wyoming,11269,11269WY0070018,2/14/1994,BlueSelect Silver Value,PPO,2/14/1994,407,0,110,NO,1/18/2015
8587-XYZSF,53,Major,female,35.9,0,2,no,41,Peter Parley Row,MI,southwest,Yes,protective-serv,Yes,Bank transfer (automatic),11163.57,$410,$4920,TRUE,451512,8912646,Expanded Bronze,Ambetter of Magnolia Inc.,90714,90714MS0010052,4/25/2007,Ambetter Essential Care 2 HSA (2020),HMO,4/25/2007,201,6.00E+06,8880,NO,1/18/2015
3091-FYHKI,19,Minor,male,25.555,0,0,no,127,Stillmeadow Ln,NY,northwest,No,priv-house-serv,No,Electronic check,1632.56,$355,$4260,TRUE,9230964,6104283,Expanded Bronze,New Mexico Health Connections,93091,93091NM0010013,12/5/2007,Care Connect Bronze Plus,HMO,12/5/2007,306,0,66890,?,2/14/2015
2372-HWUHI,20,Minor,female,28.785,0,0,no,109,Castlewood Dr,VA,northeast,No,machine-op-inspct,No,Electronic check,2457.21,$225,$2700,TRUE,3641100,7904302,Silver,Dean Health Plan,38345,38345WI0240006,5/14/2006,Prevea360 Silver Value Copay 5000X,HMO,5/14/2006,49,0,46580,?,2/14/2015
7799-LGRDP,22,Major,female,28.05,0,0,no,141,Stillmeadow Ln,WA,southeast,No,armed-forces,No,Credit card (automatic),2155.68,$282,$3384,FALSE,444337,3925200,Gold,Ambetter of Peach State Inc.,70893,70893GA0010025,5/19/2014,Ambetter Secure Care 5 (2020),HMO,5/19/2014,40,1.00E+06,68900,NO,1/18/2015
7850-VWJUU,19,Minor,male,34.1,0,0,no,101,Jeffrey Ln,PA,southwest,No,other-service,No,Bank transfer (automatic),1261.44,$135,$1620,TRUE,1127860,1685057,Silver,BlueCross BlueShield of Tennessee,14002,14002TN0400106,3/11/2010,"Silver S04S, Network S",EPO,3/11/2010,68,6.00E+06,91070,YES,2/6/2015
3774-VBNXY,22,Major,male,25.175,0,0,no,53,Peter Parley Row,MI,northwest,No,exec-managerial,No,Mailed check,2045.69,$200,$2400,TRUE,1782301,1037374,Silver,Ambetter from Superior HealthPlan,29418,29418TX0140019,9/29/2005,Ambetter Balanced Care 11 (2020),EPO,9/29/2005,180,3.00E+06,95480,?,2/9/2015
6217-KDYWC,54,Major,female,31.9,0,3,no,1253,Worthington Rdg,PA,southeast,No,exec-managerial,No,Mailed check,27322.73,$236,$2832,FALSE,5792093,8452120,Silver,Blue Cross and Blue Shield of Texas,33602,33602TX0460704,4/28/1992,Blue Advantage Silver HMO 205 - Two $25 PCP Visits,HMO,4/28/1992,391,0,27740,NO,2/18/2015
0390-DCFDQ,22,Major,female,36,1,0,no,117,Stillmeadow Ln,OR,southwest,No,transport-moving,No,Mailed check,2166.73,$395,$4740,TRUE,236702,5835407,Silver,Anthem Blue Cross and Blue Shield,32753,32753MO0950015,1/18/2003,Anthem Silver Pathway X 6000,EPO,1/18/2003,507,0,17370,NO,1/3/2015
3146-MSEGF,34,Major,male,22.42,1,2,no,171,Castlewood Dr,WA,northeast,No,transport-moving,No,Credit card (automatic),27375.9,$101,$1212,TRUE,8757366,6849128,Catastrophic,Quartz,85773,85773IL0030012,4/19/2006,Performance Catastrophic I101,HMO,4/19/2006,293,1.00E+06,74500,NO,2/14/2015
4080-OGPJL,26,Major,male,32.49,0,1,no,237,Winesap Rd,PA,northeast,No,other-service,No,Electronic check,3490.55,$483,$5796,TRUE,9558834,7271175,Gold,Blue Care Network of Michigan,98185,98185MI0180009,2/29/1992,Blue Cross Preferred HMO Gold,HMO,2/29/1992,13,0,24100,NO,2/3/2015
1095-WGNGG,34,Major,male,25.3,0,2,yes,40,Dunham Dr,OH,southeast,No,machine-op-inspct,No,Bank transfer (automatic),18972.5,$431,$5172,FALSE,254639,8626149,Gold,New Mexico Health Connections,93091,93091NM0010016,3/28/2003,Care Connect Gold Essential,HMO,3/28/2003,214,0,44490,?,2/22/2015
2636-SJDOU,29,Major,male,29.735,0,2,no,122,Spicewood Ln,TX,northwest,No,other-service,No,Credit card (automatic),18157.88,$137,$1644,FALSE,,9017162,Silver,Bright Health Insurance Company,83653,83653NE0010022,12/1/2008,Silver 9,EPO,12/1/2008,396,0,60860,NO,2/17/2015
1131-QQZEB,30,Major,male,28.69,1,3,yes,1258,Worthington Rdg,NH,northwest,No,adm-clerical,No,Bank transfer (automatic),20745.99,$373,$4476,FALSE,4503256,410156,Silver,Medica,21333,21333OK0010003,8/9/2002,Harmony by Medica Silver Copay,PPO,8/9/2002,104,1.00E+06,63420,NO,2/11/2015
5716-EZXZN,29,Major,female,38.83,0,3,no,829,Four Rod Rd,NC,southeast,No,tech-support,Yes,Credit card (automatic),5138.26,$380,$4560,FALSE,3534725,5057734,Silver,CareSource Just4Me,45636,45636KY0020031,2/27/1994,"CareSource Marketplace Low Deductible Silver Dental, Vision, & Fitness",HMO,2/27/1994,138,0,66750,NO,2/27/2015
6837-BJYDQ,46,Major,male,30.495,0,3,yes,37,Sage Dr,FL,northwest,No,craft-repair,Yes,Mailed check,40720.55,$229,$2748,FALSE,9612304,6177527,Catastrophic,Blue Cross and Blue Shield of Texas,33602,33602TX0460663,10/9/1995,Blue Advantage Security HMO 200,HMO,10/9/1995,212,1.00E+06,50200,NO,1/24/2015
2135-RXIHG,51,Major,female,37.73,0,1,no,228,Winesap Rd,CA,southeast,No,protective-serv,Yes,Electronic check,9877.61,$106,$1272,TRUE,1953241,7145310,Platinum,Florida Blue (BlueCross BlueShield FL),16842,16842FL0070110,7/5/2014,BlueOptions Platinum 1424,EPO,7/5/2014,147,3.00E+06,93500,?,2/21/2015
6440-DKQGE,53,Major,female,37.43,0,1,no,139,Ice Pond Ln,GA,northwest,No,priv-house-serv,No,Credit card (automatic),10959.69,$236,$2832,FALSE,9863508,3893457,Silver,Highmark Inc.,33709,33709PA0860002,8/13/2004,my Direct Blue Conemaugh EPO Silver 2900 - 2 Free PCP Visits,EPO,8/13/2004,98,0,79160,YES,1/9/2015
3466-BYAVD,19,Minor,male,28.4,0,1,no,114,Valley Dr,OH,southwest,No,handlers-cleaners,No,Mailed check,1842.52,$260,$3120,TRUE,,1496549,Expanded Bronze,Blue Cross Blue Shield Healthcare Plan of Georgia,49046,49046GA0410017,11/9/1991,Anthem Bronze Pathway X HMO 5200,HMO,11/9/1991,10,0,60500,NO,2/13/2015
3780-YVMFA,35,Major,male,24.13,0,1,no,15,Overhill Dr,KY,northwest,No,priv-house-serv,No,Electronic check,5125.22,$147,$1764,TRUE,6584594,2209499,Gold,Community Health Choice,27248,27248TX0010001,9/3/1991,Community Health Choice HMO Gold 001,HMO,9/3/1991,97,0,19600,NO,2/10/2015
3874-EQOEP,48,Major,male,29.7,0,0,no,231,Lower Ln,NC,southeast,No,tech-support,Yes,Mailed check,7789.64,$425,$5100,FALSE,4385181,1836830,Silver,CareSource Just4Me,45636,45636KY0010030,5/18/1993,CareSource Marketplace Standard Silver,HMO,5/18/1993,207,7.00E+06,75200,NO,2/14/2015
1679-JRFBR,32,Major,female,37.145,0,3,no,122,Cynthia Dr,NY,northeast,No,other-service,Yes,Credit card (automatic),6334.34,$267,$3204,FALSE,1051509,1220858,Silver,CareSource Just4Me,45636,45636KY0010014,6/25/2002,CareSource Marketplace Low Premium Silver,HMO,6/25/2002,430,5.00E+06,100670,?,1/1/2015
9073-ZZIAY,42,Major,female,23.37,0,0,yes,141,Vineyard Dr,AL,northeast,No,machine-op-inspct,Yes,Electronic check,19964.75,$327,$3924,FALSE,2979561,4123497,Silver,Ambetter from Home State Health,99723,99723MO0110004,2/13/1991,Ambetter Balanced Care 3 (2020) + Vision + Adult Dental,EPO,2/13/1991,145,5.00E+06,46200,NO,2/26/2015
3077-RSNTJ,40,Major,female,25.46,0,1,no,53,Winding Meadow Dr,GA,northeast,No,protective-serv,Yes,Mailed check,7077.19,$129,$1548,TRUE,5099646,5151728,Gold,Blue Cross and Blue Shield of Louisiana,97176,97176LA0340015,7/29/1995,Blue Max 90/70 $1500,PPO,7/29/1995,448,6.00E+06,25600,?,1/6/2015
6551-GNYDG,44,Major,male,39.52,0,0,no,134,Cynthia Dr,CA,northwest,No,priv-house-serv,Yes,Bank transfer (automatic),6948.7,$389,$4668,TRUE,63583,5750408,Silver,Cigna Healthcare,99248,99248TN0060063,8/21/1991,Cigna Connect 4750,EPO,8/21/1991,340,0,21620,?,2/4/2015
9167-APMXZ,48,Major,male,24.42,0,0,yes,222,Lower Ln,VA,southeast,No,armed-forces,No,Bank transfer (automatic),21223.68,$214,$2568,TRUE,5154540,7169298,Silver,Anthem Blue Cross and Blue Shield,32753,32753MO0950013,5/23/1999,Anthem Silver Pathway X 5500,EPO,5/23/1999,261,2.00E+06,47900,?,1/30/2015
2749-CTKAJ,18,Minor,male,25.175,0,0,yes,126,Robbins Rd,WA,northeast,No,armed-forces,No,Mailed check,15518.18,$493,$5916,TRUE,1941708,3921957,Expanded Bronze,Optima Health,20507,20507VA1410008,5/3/1991,OptimaFit Bronze 6000 20% HSA Direct M,HMO,5/3/1991,66,1.00E+06,88610,YES,2/8/2015
6371-NZYEG,30,Major,male,35.53,0,0,yes,423,Chamberlain Hwy,TX,southeast,No,protective-serv,No,Mailed check,36950.26,$152,$1824,TRUE,8005245,982363,Silver,Medica,21333,21333OK0010003,9/11/2004,Harmony by Medica Silver Copay,PPO,9/11/2004,237,1.00E+07,65150,?,1/10/2015
7554-NEWDD,50,Major,female,27.83,0,3,no,130,Mill St,FL,southeast,No,prof-specialty,No,Bank transfer (automatic),19749.38,$411,$4932,TRUE,11843081,3007130,Bronze,Montana Health CO-OP,32225,32225MT0060006,8/5/2005,Co-op Plus Bronze,PPO,8/5/2005,175,3.00E+06,82900,NO,2/17/2015
8992-VONJD,42,Major,female,26.6,0,0,yes,111,Woodhaven Dr,NV,northwest,No,sales,No,Electronic check,21348.71,$236,$2832,TRUE,1972882,1237366,Gold,Blue Cross and Blue Shield of Texas,33602,33602TX0770156,3/12/1994,Blue Advantage Plus Gold 203,HMO,3/12/1994,134,0,14800,YES,1/10/2015
0867-MKZVY,18,Minor,female,36.85,0,0,yes,44,Hall Ln,AL,southeast,No,tech-support,No,Electronic check,36149.48,$225,$2700,TRUE,568570,3622176,Silver,PacificSource Health Plans,23603,23603MT0290008,10/15/1996,Navigator Silver 5000,PPO,10/15/1996,486,0,27940,?,2/5/2015
4482-EWFMI,54,Major,male,39.6,0,1,no,32,Cynthia Dr,CA,southwest,No,priv-house-serv,Yes,Electronic check,10450.55,$167,$2004,FALSE,2235738,4219031,Gold,Ambetter from Superior HealthPlan,29418,29418TX0160021,4/28/1994,Ambetter Secure Care 5 (2020) + Vision + Adult Dental,EPO,4/28/1994,192,0,75900,?,1/27/2015
4648-YPBTM,32,Major,female,29.8,0,2,no,29,Primrose Ln,CO,southwest,No,prof-specialty,No,Bank transfer (automatic),5152.13,$164,$1968,FALSE,4567362,4638788,Silver,Ambetter from MHS,76179,76179IN0130015,8/20/1996,Ambetter Balanced Care 15 (2020) + Vision + Adult Dental,EPO,8/20/1996,27,0,48700,?,2/3/2015
2907-ILJBN,37,Major,male,29.64,0,0,no,40,Primrose Ln,MN,northwest,No,tech-support,Yes,Mailed check,5028.15,$367,$4404,TRUE,3863454,7564426,Silver,Ambetter from Buckeye Health Plan,41047,41047OH0030022,2/27/1994,Ambetter Balanced Care 1 (2020) + Vision + Adult Dental,HMO,2/27/1994,62,3.00E+06,100600,NO,2/27/2015
6345-FZOQH,47,Major,male,28.215,0,4,no,34,Hall Ln,NJ,northeast,No,tech-support,No,Mailed check,10407.09,$323,$3876,FALSE,6276484,4320598,Gold,Blue Cross and Blue Shield of NC,11512,11512NC0060018,12/14/1991,Blue Advantage Gold 3000 (broad network),PPO,12/14/1991,143,0,46200,?,1/4/2015
3376-BMGFE,20,Minor,female,37,0,5,no,817,High Rd,PA,southwest,No,armed-forces,No,Bank transfer (automatic),4830.63,$298,$3576,TRUE,,6803576,Bronze,Security Health Plan,38166,38166WI0180014,1/6/2011,"Select $8,150",EPO,1/6/2011,58,5.00E+06,58350,?,1/30/2015
5997-OPVFA,32,Major,female,33.155,0,3,no,126,Juniper Ln,MO,northwest,No,farming-fishing,No,Bank transfer (automatic),6128.8,$500,$6000,TRUE,4486417,4468644,Catastrophic,Medica,39520,39520KS0050013,11/25/1991,Medica Connect Catastrophic,EPO,11/25/1991,159,0,46090,NO,1/23/2015
3445-HXXGF,19,Minor,female,31.825,1,1,no,100,Ronal Dr,MN,northwest,No,protective-serv,No,Electronic check,2719.28,$204,$2448,TRUE,9124693,1220643,Expanded Bronze,Ambetter of Magnolia Inc.,90714,90714MS0030010,8/21/2006,Ambetter Essential Care 5 (2020) + Vision + Adult Dental,HMO,8/21/2006,178,0,66930,?,2/21/2015
1159-WFSGR,27,Major,male,18.905,0,3,no,112,Woodhaven Dr,PA,northeast,No,craft-repair,Yes,Electronic check,4827.9,$421,$5052,FALSE,1276784,7601246,Silver,BlueCross BlueShield of South Carolina,26065,26065SC0380023,10/9/1995,BlueEssentials Silver 14,EPO,10/9/1995,226,1.00E+06,54830,NO,1/24/2015
7654-YWJUF,63,Major,male,41.47,0,0,no,50,Laurel Dr,TX,southeast,No,transport-moving,No,Bank transfer (automatic),13405.39,$216,$2592,TRUE,2611517,4510661,Gold,Blue Cross and Blue Shield of Oklahoma,87571,87571OK0320092,10/1/2001,Blue Preferred Gold PPO 205,PPO,10/1/2001,304,0,67100,YES,2/23/2015
1875-QIVME,49,Major,male,30.3,0,0,no,27,Lake Dr,NY,southwest,No,protective-serv,Yes,Electronic check,8116.68,$486,$5832,TRUE,8189838,7911602,Silver,Ambetter from MHS,76179,76179IN0110015,7/28/2008,Ambetter Balanced Care 15 (2020),EPO,7/28/2008,122,0,78970,?,2/2/2015
6727-IOTLZ,18,Minor,male,15.96,0,0,no,2684,Berlin Tpke,WA,northeast,No,exec-managerial,Yes,Mailed check,1694.8,$435,$5220,FALSE,1642540,1022132,Expanded Bronze,Cigna Healthcare,53882,53882IL0040002,1/27/2007,Cigna Connect 5500,HMO,1/27/2007,174,0,19430,YES,2/2/2015
0691-JVSYA,35,Major,female,34.8,0,1,no,336,Summit Wood Dr,WA,southwest,No,other-service,No,Bank transfer (automatic),5246.05,$196,$2352,TRUE,5026721,4707570,Gold,Arkansas Blue Cross and Blue Shield,75293,75293AR1200020,11/22/2008,Gold Plan HSA1,PPO,11/22/2008,296,0,45200,NO,2/21/2015
5918-VUKWP,24,Major,female,33.345,0,0,no,2104,Chamberlain Hwy,TX,northwest,No,other-service,No,Bank transfer (automatic),2855.44,$242,$2904,TRUE,7505734,7999255,Expanded Bronze,Arkansas Blue Cross and Blue Shield,75293,75293AR1200008,12/1/2008,Bronze Plan HSA1,PPO,12/1/2008,408,1.00E+06,25420,NO,2/17/2015
1744-JHKYS,63,Major,female,37.7,0,0,yes,33,Lake Dr,TX,southwest,No,craft-repair,Yes,Electronic check,48824.45,$270,$3240,TRUE,341200,6110255,Bronze,"Wellmark Value Health Plan, Inc.",74406,74406IA0200001,2/2/1996,Wellmark Value Bronze HMO,HMO,2/2/1996,293,0,90610,NO,2/24/2015
2656-FMOKZ,38,Major,male,27.835,1,2,no,21,Lake Dr,CA,northwest,No,prof-specialty,No,Mailed check,6455.86,$491,$5892,TRUE,2289327,9246903,Catastrophic,Blue Cross Blue Shield Healthcare Plan of Georgia,49046,49046GA0410014,6/25/2011,Anthem Catastrophic Pathway X HMO 8150,HMO,6/25/2011,338,7.00E+06,75400,YES,2/27/2015
2070-FNEXE,54,Major,male,29.2,1,1,no,2074,Chamberlain Hwy,NY,southwest,No,tech-support,Yes,Bank transfer (automatic),10436.1,$371,$4452,FALSE,4875433,4829974,Expanded Bronze,Medica,93078,93078IA0060023,10/30/1997,Medica Insure Bronze HSA Plus,EPO,10/30/1997,133,0,42900,?,2/3/2015
5947-SGKCL,46,Major,female,28.9,0,2,no,56,Chippins Hill Dr,CA,southwest,No,sales,No,Bank transfer (automatic),8823.28,$181,$2172,FALSE,,7900272,Expanded Bronze,FirstCare Health Plans,26539,26539TX0140009,5/6/2007,IND Bronze HMO  7500,HMO,5/6/2007,22,0,76700,?,1/13/2015
3712-PKXZA,41,Major,female,33.155,0,3,no,13,Lake Dr,NA,northeast,No,tech-support,No,Credit card (automatic),8538.29,$496,$5952,TRUE,,5103133,Bronze,"Avera Health Plans, Inc.",60536,60536SD0020023,5/6/2014,Avera 6000,PPO,5/6/2014,420,0,20650,NO,2/16/2015
6317-YPKDH,58,Major,male,28.595,0,0,no,30,Lake Dr,CA,northwest,No,transport-moving,No,Bank transfer (automatic),11735.88,$289,$3468,FALSE,7932260,7046622,Gold,Ambetter from Arkansas Health & Wellness,62141,62141AR0100014,12/5/1995,Ambetter Secure Care 5 (2020) + Vision + Adult Dental,PPO,12/5/1995,313,1.00E+06,40500,?,1/10/2015
6582-OIVSP,18,Minor,female,38.28,0,0,no,35,Chippins Hill Dr,SC,southeast,No,exec-managerial,Yes,Mailed check,1631.82,$282,$3384,TRUE,6885853,7524514,Silver,Anthem Blue Cross and Blue Shield,48396,48396ME0720069,8/26/2013,Anthem Silver X POS 4800,POS,8/26/2013,246,1.00E+06,78740,YES,1/28/2015
9367-WXLCH,22,Major,male,19.95,0,3,no,22,Lake Dr,CA,northeast,No,prof-specialty,No,Bank transfer (automatic),4005.42,$269,$3228,TRUE,4605613,6174386,Bronze,Ambetter of Peach State Inc.,70893,70893GA0010015,11/14/2005,Ambetter Essential Care 1 (2020),HMO,11/14/2005,258,0,59300,NO,1/26/2015
5524-KHNJP,44,Major,female,26.41,0,0,no,7,Lake Dr,CA,northwest,No,protective-serv,Yes,Credit card (automatic),7419.48,$134,$1608,TRUE,5851742,9458253,Gold,Medica,21333,21333OK0020025,3/17/2010,Medica Quest Gold Share,PPO,3/17/2010,288,0,33800,YES,2/14/2015
1918-ZBFQJ,44,Major,male,30.69,0,2,no,302,Summit Wood Dr,NY,southeast,No,adm-clerical,No,Electronic check,7731.43,$108,$1296,TRUE,273160,2717573,Silver,Blue Care Network of Michigan,98185,98185MI0550002,4/3/2001,Blue Cross Preferred HMO Silver Extra,HMO,4/3/2001,230,0,25200,?,1/2/2015
1024-GUALD,36,Major,male,41.895,0,3,yes,741,Edgewood Rd,NY,northeast,No,priv-house-serv,No,Electronic check,43753.34,$225,$2700,TRUE,2577038,1266755,Expanded Bronze,QualChoice Health Insurance,70525,70525AR0070260,9/3/1991,Ambetter Essential Care 5 (2020) (QualChoice),POS,9/3/1991,169,3.00E+06,15820,NO,2/10/2015
4827-USJHP,26,Major,female,29.92,0,2,no,7,Chippins Hill Dr,CA,southeast,No,other-service,No,Mailed check,3981.98,$459,$5508,FALSE,8838427,5865938,Silver,CareSource Just4Me,45636,45636KY0010030,12/22/2012,CareSource Marketplace Standard Silver,HMO,12/22/2012,454,7.00E+06,20190,?,2/17/2015
8167-GJLRN,30,Major,female,30.9,0,3,no,2043,Chamberlain Hwy,MA,southwest,No,prof-specialty,No,Electronic check,5325.65,$452,$5424,TRUE,3838031,1078027,Silver,Ambetter from MHS,76179,76179IN0130011,9/27/2011,Ambetter Balanced Care 11 (2020) + Vision + Adult Dental,EPO,9/27/2011,100,3.00E+06,94900,?,1/24/2015
0956-SYCWG,41,Major,female,32.2,0,1,no,10,Lake Dr,WA,southwest,No,farming-fishing,Yes,Electronic check,6775.96,$135,$1620,TRUE,6238821,3717479,Expanded Bronze,Priority Health,29698,29698MI0540320,8/20/1994,MyPriority HMO Bronze 8150,HMO,8/20/1994,272,0,16580,?,1/17/2015
8017-UVSZU,29,Major,female,32.11,0,2,no,193,Heritage Dr,CA,northwest,No,handlers-cleaners,No,Credit card (automatic),4922.92,$305,$3660,FALSE,119835,3294341,Expanded Bronze,Medica,73751,73751ND0130029,10/9/2012,Medica Individual Choice Bronze Share Plus,HMO,10/9/2012,48,0,96130,?,2/5/2015
7100-FQPRV,61,Major,male,31.57,0,0,no,2619,Berlin Tpke,IL,southeast,No,exec-managerial,Yes,Credit card (automatic),12557.61,$306,$3672,TRUE,2037175,1073949,Silver,Blue Cross and Blue Shield of Texas,33602,33602TX0770181,8/26/2013,Blue Advantage Plus Silver 202,HMO,8/26/2013,199,0,62600,YES,1/28/2015
2472-OVKUP,36,Major,female,26.2,0,0,no,119,Silver Island Way,IN,southwest,No,prof-specialty,No,Electronic check,4883.87,$408,$4896,TRUE,584833,6458624,Silver,Ambetter from Arkansas Health & Wellness,62141,62141AR0080008,1/11/2009,Ambetter Balanced Care 6 (2020),PPO,1/11/2009,193,0,80000,YES,1/12/2015
2984-RGEYA,25,Major,male,25.74,0,0,no,127,Silver Island Way,OR,southeast,No,adm-clerical,No,Bank transfer (automatic),2137.65,$450,$5400,TRUE,8892980,8375485,Expanded Bronze,Ambetter from MHS,76179,76179IN0110052,8/20/1990,Ambetter Essential Care 2 HSA (2020),EPO,8/20/1990,439,0,27430,NO,2/2/2015
9680-NIAUV,56,Major,female,26.6,0,1,no,141,Silver Island Way,TN,northwest,No,craft-repair,No,Credit card (automatic),12044.34,$448,$5376,FALSE,1244353,8297,Silver,Ambetter of Peach State Inc.,70893,70893GA0030010,6/2/2012,Ambetter Balanced Care 3 (2020) + Vision + Adult Dental,HMO,6/2/2012,90,2.00E+06,36890,YES,2/2/2015
2146-EGVDT,18,Minor,male,34.43,0,0,no,133,Silver Island Way,OR,southeast,No,protective-serv,No,Credit card (automatic),1137.47,$235,$2820,FALSE,937797,8824130,Silver,"Avera Health Plans, Inc.",60536,60536SD0020022,7/5/2014,Avera 3500,PPO,7/5/2014,95,1.00E+06,89800,?,2/21/2015
2604-IJPDU,19,Minor,male,30.59,0,0,no,137,Silver Island Way,WA,northwest,Yes,exec-managerial,No,Electronic check,1639.56,$105,$1260,FALSE,293905,8518042,Gold,Medica,93078,93078IA0050025,7/21/2008,Elevate by Medica Gold Share,EPO,7/21/2008,259,0,91090,YES,1/15/2015
9178-JHUVJ,39,Major,female,32.8,0,0,no,32,Winterberry Pl,CA,southwest,No,transport-moving,Yes,Bank transfer (automatic),5649.72,$357,$4284,FALSE,3129805,2180615,Silver,Anthem Blue Cross and Blue Shield,29276,29276OH0920424,1/3/2004,Anthem Silver Pathway X HMO 5000,HMO,1/3/2004,75,0,36000,YES,2/13/2015
6168-YBYNP,45,Major,female,28.6,0,2,no,141,Sea Green Dr,CA,southeast,No,other-service,Yes,Electronic check,8516.83,$151,$1812,FALSE,3801181,2471390,Silver,Anthem Blue Cross and Blue Shield,36239,36239KY1140005,10/2/1997,Anthem Silver Pathway X HMO 3400,HMO,10/2/1997,115,0,66500,?,2/21/2015
7255-SSFBC,51,Major,female,18.05,0,0,no,1,Canoe Birch Ct,VT,northwest,No,exec-managerial,No,Bank transfer (automatic),9644.25,$123,$1476,TRUE,7372363,6908286,Gold,Blue Cross Blue Shield of Michigan,15560,15560MI0350004,11/20/1991,Blue Cross Premier PPO Gold,PPO,11/20/1991,357,1.00E+06,39800,YES,1/6/2015
3645-DEYGF,64,Major,female,39.33,0,0,no,2,Canoe Birch Ct,NY,northeast,No,machine-op-inspct,No,Mailed check,14901.52,$123,$1476,FALSE,1788536,6574423,Gold,BlueCross BlueShield of South Carolina,26065,26065SC0380007,1/14/1999,BlueEssentials Gold 2,EPO,1/14/1999,192,9.00E+06,50900,?,1/8/2015
9323-HGFWY,19,Minor,female,32.11,0,0,no,148,Stony Mill Ln,UT,northwest,No,tech-support,No,Credit card (automatic),2130.68,$408,$4896,TRUE,3848927,7200982,Silver,Ambetter from MHS,20507,414O808WQ3497,12/19/1998,Ambetter Balanced Care 1 (2020),EPO,12/19/1998,274,0,15240,NO,1/13/2015
8544-GOQSH,48,Major,female,32.23,0,1,no,150,Stony Mill Ln,NY,southeast,No,sales,Yes,Credit card (automatic),8871.15,$216,$2592,TRUE,4996987,5973870,Expanded Bronze,Cigna Healthcare,29418,755Z90FR8050,1/4/2003,Ambetter Secure Care 5 (2020),HMO,1/4/2003,159,0,9400,NO,2/17/2015
3363-DTIVD,60,Major,female,24.035,0,0,no,152,Stony Mill Ln,SD,northwest,No,farming-fishing,Yes,Electronic check,13012.21,$126,$1512,FALSE,6312269,6511650,Gold,CareSource,32753,213H95TU5254,8/18/2006,Blue Advantage Plus Silver 202,HMO,8/18/2006,69,1.00E+06,40200,NO,2/25/2015
7018-WBJNK,27,Major,female,36.08,0,0,yes,1461,Berlin Tpke,CA,southeast,No,armed-forces,No,Credit card (automatic),37133.9,$298,$3576,FALSE,1857316,9607880,Silver,BlueCross BlueShield of South Carolina,93091,230T454SF7754,2/25/2008,Piedmont Silver 6500,HMO,2/25/2008,118,0,42630,NO,2/21/2015
9142-KZXOP,46,Major,male,22.3,0,0,no,39,Webster Square Rd,OR,southwest,No,other-service,No,Credit card (automatic),7147.11,$458,$5496,FALSE,575645,9389226,Silver,CareSource Just4Me,93078,974O739KH8553,6/22/1990,ElevateHealth HMO Silver 5000,HMO,6/22/1990,199,1.00E+06,43830,NO,1/6/2015
7674-YTAFD,28,Major,female,28.88,0,1,no,37,Webster Square Rd,CA,northeast,No,exec-managerial,Yes,Bank transfer (automatic),4337.74,$165,$1980,TRUE,3260926,6516426,Gold,Blue Cross and Blue Shield of Oklahoma,75293,556Q693GG6070,1/27/2007,Medica Quest Gold Share,PPO,1/27/2007,220,0,8380,YES,2/2/2015
6348-SNFUS,59,Major,male,26.4,0,0,no,35,Webster Square Rd,CA,southeast,No,transport-moving,No,Credit card (automatic),11743.3,$435,$5220,TRUE,6456418,5065086,Expanded Bronze,CareSource Georgia Co.,70893,294E392OG6219,10/26/1996,Anthem Bronze Pathway X 4000 Online Plus,EPO,10/26/1996,255,1.00E+06,65400,?,2/2/2015
1285-OKIPP,35,Major,male,27.74,0,2,yes,31,Webster Square Rd,CA,northeast,No,prof-specialty,No,Electronic check,20984.09,$425,$5100,TRUE,2104854,1979826,Expanded Bronze,Quartz,76179,218E824IJ3872,9/29/1999,Cigna Connect 4750,EPO,9/29/1999,425,5.00E+06,15600,NO,2/6/2015
7825-ECJRF,63,Major,female,31.8,0,0,no,9,Webster Square Rd,CO,southwest,No,transport-moving,No,Electronic check,13880.95,$268,$3216,TRUE,4096305,4538554,Silver,Ambetter from MHS,29698,745T405AC7786,3/28/1995,Harmony by Medica Silver Copay,PPO,3/28/1995,87,0,13720,NO,2/10/2015
1347-KTTTA,40,Major,male,41.23,0,1,no,17,Webster Square Rd,CA,northeast,No,prof-specialty,Yes,Credit card (automatic),6610.11,$228,$2736,TRUE,3479094,1917778,Expanded Bronze,Medica,32225,788U851HM3270,3/6/2005,Prevea360 Silver Value Copay 5000X,HMO,3/6/2005,154,0,29400,YES,1/27/2015
7841-TZDMQ,20,Minor,male,33,0,1,no,5,Webster Square Rd,OH,southwest,Yes,other-service,No,Credit card (automatic),1980.07,$294,$3528,TRUE,5058746,9211384,Silver,CareSource Just4Me,96384,68X653EW6151,11/8/2009,Oscar Classic Silver,EPO,11/8/2009,320,0,55500,?,1/19/2015
4195-NZGTA,40,Major,male,30.875,0,4,no,7,Webster Square Rd,WA,northwest,No,sales,No,Electronic check,8162.72,$410,$4920,TRUE,2488613,6795831,Expanded Bronze,Blue Cross Blue Shield Healthcare Plan of Georgia,42261,414O28EM5310,4/15/2004,OptimaFit Bronze 6000 20% HSA Direct M,HMO,4/15/2004,113,0,61700,YES,3/1/2015
7157-SMCFK,24,Major,male,28.5,0,2,no,357,New Britain Rd,OH,northwest,No,priv-house-serv,No,Mailed check,3537.7,$450,$5400,TRUE,5327784,7790874,Silver,Ambetter from Superior HealthPlan,60224,95L521EN6713,10/28/2007,Quartz Prime Silver I302,HMO,10/28/2007,3,0,62400,?,1/4/2015
4709-LKHYG,34,Major,female,26.73,0,1,no,367,New Britain Rd,WA,southeast,No,adm-clerical,No,Electronic check,5002.78,$426,$5112,FALSE,8115487,2000630,Expanded Bronze,Florida Blue HMO (a BlueCross BlueShield FL company),85773,968N334RZ4841,10/1/2006,Ambetter Balanced Care 11 (2020) + Vision + Adult Dental,EPO,10/1/2006,142,6.00E+06,114400,YES,2/21/2015
2504-DSHIH,45,Major,female,30.9,1,2,no,363,New Britain Rd,CA,southwest,Yes,machine-op-inspct,No,Electronic check,8520.03,$211,$2532,FALSE,4238863,7916410,Catastrophic,Blue Cross and Blue Shield of Oklahoma,36239,611L680BM2505,6/1/2006,Blue Cross Premier PPO Gold,PPO,6/1/2006,207,1.00E+06,7400,YES,2/27/2015
0699-NDKJM,41,Major,female,37.1,0,2,no,371,New Britain Rd,MA,southwest,No,craft-repair,No,Bank transfer (automatic),7371.77,$237,$2844,TRUE,7741258,2066755,Silver,Dean Health Plan,15560,237D19TH7364,11/25/2002,Harmony by Medica Silver Copay,PPO,11/25/2002,584,1.00E+06,33950,?,1/21/2015
9286-BHDQG,53,Major,female,26.6,0,0,no,369,New Britain Rd,WA,northwest,No,exec-managerial,No,Credit card (automatic),10355.64,$103,$1236,FALSE,4907197,441133,Expanded Bronze,New Mexico Health Connections,37204,962T265EH9246,12/31/2003,Blue Cross Preferred HMO Silver Extra,HMO,12/31/2003,237,2.00E+06,86400,?,1/7/2015
0230-WEQUW,27,Major,male,23.1,0,0,no,2612,Chamberlain Hwy,MI,southeast,No,protective-serv,No,Bank transfer (automatic),2483.74,$173,$2076,TRUE,4113067,8666811,Bronze,"Wellmark Value Health Plan, Inc.",20305,837N947GD3437,12/7/1992,Ambetter Essential Care 1 (2020),HMO,12/7/1992,410,2.00E+06,69550,NO,2/25/2015
2040-LDIWQ,26,Major,female,29.92,0,1,no,467,Park Dr,WA,southeast,No,prof-specialty,Yes,Bank transfer (automatic),3392.98,$156,$1872,TRUE,7765409,5335130,Gold,Ambetter from Superior HealthPlan,53882,314D89PS7061,12/13/2014,Blue Advantage Plus Bronze 305,HMO,12/13/2014,213,2.00E+06,68160,?,2/6/2015
6496-JDSSB,24,Major,female,23.21,0,0,no,463,Park Dr,CA,southeast,No,machine-op-inspct,No,Bank transfer (automatic),25081.77,$296,$3552,TRUE,5341850,7388263,Silver,Anthem Blue Cross and Blue Shield,49046,237W397EU2918,5/14/2006,Ambetter Balanced Care 3 (2020) + Vision + Adult Dental,EPO,5/14/2006,15,0,83010,?,2/14/2015
9408-SSNVZ,34,Major,female,33.7,0,1,no,445,Park Dr,IA,southwest,No,prof-specialty,No,Electronic check,5012.47,$492,$5904,FALSE,144293,4708793,Silver,PacificSource Health Plans,48396,337R74AF5514,9/20/1990,Quartz One Silver I302 with Dental,HMO,9/20/1990,257,0,31400,YES,1/28/2015
4443-EMBNA,53,Major,female,33.25,0,0,no,2590,Chamberlain Hwy,WA,northeast,No,tech-support,Yes,Bank transfer (automatic),10564.88,$178,$2136,TRUE,3351824,8813214,Silver,Highmark Inc.,26539,556R813RN6545,8/7/1991,Anthem Catastrophic Pathway X HMO 8150,HMO,8/7/1991,145,8.00E+06,1900,?,2/2/2015
6469-MRVET,32,Major,male,30.8,0,3,no,419,Park Dr,AL,southwest,No,transport-moving,Yes,Electronic check,5253.52,$336,$4032,TRUE,6733152,732653,Silver,Bright Health Insurance Company,73751,467R334UT4439,2/2/2001,Blue Value Silver 4500 (limited network),POS,2/2/2001,105,1.00E+06,41600,NO,1/15/2015
0742-MOABM,19,Minor,male,34.8,0,0,yes,405,Park Dr,CA,southwest,No,handlers-cleaners,Yes,Mailed check,34779.62,$461,$5532,FALSE,2267855,3870948,Gold,Medica,10091,133I486LX6963,10/9/2012,Medica Quest Bronze HSA Plus,PPO,10/9/2012,19,0,104100,?,2/5/2015
5961-VUSRV,42,Major,male,24.64,0,0,yes,2537,Chamberlain Hwy,CA,southeast,No,other-service,No,Bank transfer (automatic),19515.54,$111,$1332,TRUE,988821,8475283,Gold,Blue Cross and Blue Shield of NC,93078,949L101EQ7506,12/22/2012,Blue Preferred Gold PPO 204 - Two $10 PCP Visits,PPO,12/22/2012,368,6.00E+06,800,?,2/17/2015
6778-JFCMK,55,Major,male,33.88,0,3,no,403,Park Dr,CA,southeast,No,transport-moving,Yes,Mailed check,11987.17,$117,$1404,TRUE,3415774,6870739,Silver,Ambetter from Buckeye Health Plan,21333,481K979XE7961,12/14/1991,Anthem Silver Pathway X 6000,EPO,12/14/1991,128,0,43620,?,2/8/2015
6341-JVQGF,28,Major,male,38.06,0,0,no,64,Silver Island Way,MA,southeast,No,exec-managerial,No,Mailed check,2689.5,$438,$5256,TRUE,6132960,2606575,Bronze,New Mexico Health Connections,11512,748X719XZ8158,10/2/2003,UPMC Advantage Gold $900/$25 - Premium Network,PPO,10/2/2003,491,0,62300,?,1/1/2015
2232-DMLXU,58,Major,female,41.91,0,0,no,70,Silver Island Way,CA,southeast,No,tech-support,Yes,Mailed check,24227.34,$334,$4008,TRUE,6682166,3311772,Gold,Blue Cross and Blue Shield of Texas,26065,488E335VC7579,1/30/1992,BlueEssentials HD Bronze 5,EPO,1/30/1992,38,1.00E+06,30510,?,2/18/2015
4811-JBUVU,41,Major,female,31.635,0,1,no,58,Silver Island Way,CA,northeast,No,machine-op-inspct,No,Credit card (automatic),7358.18,$482,$5784,FALSE,4132637,1855211,Bronze,Montana Health CO-OP,20069,897V535TX9420,3/4/2014,Anthem Bronze Pathway X Guided Access HMO 5500,HMO,3/4/2014,259,0,81070,NO,2/15/2015
0945-TSONX,47,Major,male,25.46,0,2,no,50,Silver Island Way,IN,northeast,No,craft-repair,Yes,Credit card (automatic),9225.26,$344,$4128,FALSE,6702031,7451733,Silver,BlueCross BlueShield of Tennessee,93091,214R299RT9469,8/28/2005,BlueEssentials HD Silver 13,EPO,8/28/2005,194,2.00E+06,81210,NO,2/4/2015
2651-ZCBXV,42,Major,female,36.195,0,1,no,87,Silver Island Way,WA,northwest,No,exec-managerial,Yes,Credit card (automatic),7443.64,$298,$3576,TRUE,1826553,9020963,Expanded Bronze,Optima Health,33602,572A442OR6186,10/12/1994,Oscar Simple Secure,EPO,10/12/1994,98,0,63950,NO,2/19/2015
3316-UWXUY,59,Major,female,27.83,0,3,no,86,Silver Island Way,WA,southeast,No,armed-forces,No,Credit card (automatic),14001.29,$329,$3948,FALSE,2226834,8397367,Gold,Ambetter from Arkansas Health & Wellness,85773,348Z994OK8535,1/6/2011,Blue Preferred Security PPO 200,PPO,1/6/2011,192,4.00E+06,49200,?,1/30/2015
8937-RDTHP,19,Minor,female,17.8,0,0,no,170,Silver Island Way,IN,southwest,Yes,farming-fishing,No,Mailed check,1727.79,$497,$5964,TRUE,2612761,8607038,Gold,Blue Cross and Blue Shield of Louisiana,41047,360I582TS7734,12/19/1997,Anthem Silver Pathway X HMO 3400,HMO,12/19/1997,504,7.00E+06,80800,?,1/14/2015
7083-MIOPC,59,Major,male,27.5,0,1,no,369,New Britain Rd,WA,southwest,No,priv-house-serv,No,Credit card (automatic),12333.83,$437,$5244,TRUE,7212760,7281990,Silver,CareSource Just4Me,98185,593X430FJ3820,8/17/1994,McLaren Bronze Saver,HMO,8/17/1994,129,3.00E+06,71590,YES,2/23/2015
1984-GPTEH,39,Major,male,24.51,0,2,no,369,New Britain Rd,OK,northwest,Yes,machine-op-inspct,Yes,Electronic check,6710.19,$281,$3372,TRUE,,9931663,Gold,Kaiser Permanente,74917,413X697GD8417,3/8/1995,BlueCare Silver 1477,HMO,3/8/1995,223,0,29000,NO,1/3/2015
1251-KRREG,40,Major,female,22.22,0,2,yes,361,New Britain Rd,MI,southeast,No,machine-op-inspct,Yes,Mailed check,19444.27,$359,$4308,TRUE,,7327453,Gold,BlueCross BlueShield of South Carolina,93091,830H538WD2290,3/4/2014,Blue Cross Premier PPO Silver Extra,PPO,3/4/2014,197,2.00E+06,75600,NO,2/15/2015
0621-JFHOL,18,Minor,female,26.73,0,0,no,93,Silver Island Way,OH,southeast,No,handlers-cleaners,No,Mailed check,1615.77,$421,$5052,TRUE,5076495,2256929,Silver,Anthem Blue Cross and Blue Shield,33709,580E311PE3143,5/8/2001,Blue Preferred Gold PPO 205,PPO,5/8/2001,120,1.00E+06,79010,NO,1/3/2015
9903-LYSAB,31,Major,male,38.39,0,2,no,100,Silver Island Way,GA,southeast,No,handlers-cleaners,Yes,Electronic check,4463.21,$269,$3228,FALSE,1784529,6692113,Silver,CareSource Just4Me,49046,998Q859SA3347,8/29/1995,Avera 3500,PPO,8/29/1995,188,1.00E+07,62810,?,1/9/2015
0094-OIFMO,19,Minor,male,29.07,1,0,yes,162,Silver Island Way,CA,northwest,No,prof-specialty,Yes,Electronic check,17352.68,$104,$1248,TRUE,7162807,4672862,Silver,Ambetter from MHS,38166,728N541RU7438,8/9/2003,Anthem Silver Pathway X 5500,EPO,8/9/2003,131,0,109400,YES,1/7/2015
9227-UAQFT,44,Major,male,38.06,0,1,no,108,Silver Island Way,NA,southeast,No,other-service,Yes,Mailed check,7152.67,$208,$2496,TRUE,5375700,8983746,Gold,Ambetter of Peach State Inc.,31195,959T930WZ3030,6/25/2002,Ambetter Secure Care 5 (2020) + Vision + Adult Dental,PPO,6/25/2002,441,3.00E+06,28090,?,1/1/2015
7301-ABVAD,23,Major,female,36.67,0,2,yes,154,Silver Island Way,IN,northeast,No,tech-support,Yes,Bank transfer (automatic),38511.63,$105,$1260,FALSE,4770229,2250333,Bronze,Security Health Plan,45636,744F452GY4647,7/7/2013,"Silver S04S, Network S",EPO,7/7/2013,271,0,62500,NO,1/30/2015
6614-FHDBO,33,Major,female,22.135,0,1,no,97,Silver Island Way,WA,northeast,No,prof-specialty,No,Bank transfer (automatic),5354.07,$405,$4860,TRUE,5969933,6696544,Gold,Blue Cross Blue Shield of Michigan,60224,945Z928XE9397,8/23/2005,Freedom Silver 4500,POS,8/23/2005,396,0,65800,?,2/23/2015
7576-ASEJU,55,Major,female,26.8,0,1,no,116,Silver Island Way,WA,southwest,No,other-service,Yes,Credit card (automatic),35160.13,$268,$3216,TRUE,7114841,5836889,Platinum,Florida Blue (BlueCross BlueShield FL),14002,662F493JQ3685,4/25/1991,Anthem Gold Pathway X HMO 1850,HMO,4/25/1991,159,0,26320,NO,1/12/2015
9058-HRZSV,40,Major,male,35.3,1,3,no,124,Silver Island Way,PA,southwest,No,armed-forces,Yes,Electronic check,7196.87,$168,$2016,TRUE,73532931,9266321,Catastrophic,Quartz,26539,210J577PD6422,8/11/1999,Ambetter Essential Care 5 (2020) + Vision + Adult Dental,HMO,8/11/1999,206,1.00E+07,53430,?,1/10/2015
4522-AKYLR,63,Major,female,27.74,1,0,yes,103,Silver Island Way,WA,northeast,No,machine-op-inspct,No,Electronic check,29523.17,$293,$3516,FALSE,5616375,2230637,Bronze,Dean Health Plan,41047,649F410AY3655,1/20/2014,CareSource Marketplace Low Premium Silver,HMO,1/20/2014,408,0,59310,NO,1/20/2015
0221-WMXNQ,54,Major,male,30.02,1,0,no,142,Silver Island Way,CA,northwest,No,priv-house-serv,Yes,Electronic check,24476.48,$454,$5448,FALSE,,1034231,Gold,Blue Care Network of Michigan,11512,920L38YV2786,4/28/2007,BlueEssentials Gold 2,EPO,4/28/2007,124,0,91200,YES,2/13/2015
0303-UNCIP,60,Major,female,38.06,0,0,no,111,Silver Island Way,MA,southeast,No,prof-specialty,No,Mailed check,12648.7034,$119,$1428,FALSE,7471370,1409843,Gold,"UPMC Health Options, Inc.",37833,223V126FQ4018,8/5/2005,Anthem Silver Pathway X HMO 2600,HMO,8/5/2005,128,0,91770,NO,2/17/2015
9947-OTFQU,24,Major,male,35.86,1,0,no,147,Silver Island Way,WA,southeast,No,machine-op-inspct,No,Electronic check,1986.9334,$305,$3660,FALSE,,9649028,Expanded Bronze,Montana Health CO-OP,76179,287X133QZ3600,9/22/1990,"CareSource Marketplace Low Deductible Silver Dental, Vision, & Fitness",HMO,9/22/1990,214,0,51980,YES,2/18/2015
0322-YINQP,19,Minor,male,20.9,0,1,no,137,Sea Green Dr,WA,southwest,No,adm-clerical,Yes,Mailed check,1832.094,$120,$1440,FALSE,175597,5897560,Catastrophic,Oscar Insurance Corporation of Ohio,32753,248J643GY7001,4/24/2013,Confident Care Gold 1,HMO,4/24/2013,194,3.00E+06,38000,?,2/13/2015
0959-WHOKV,29,Major,male,28.975,0,1,no,26,Winterberry Pl,NY,northeast,No,prof-specialty,Yes,Electronic check,4040.55825,$360,$4320,TRUE,614298,3078459,Expanded Bronze,Blue Cross and Blue Shield of NC,39520,108D356BO9465,8/23/2005,Gold Plan HSA1,PPO,8/23/2005,230,2.00E+06,74740,?,2/23/2015
4075-JFPGR,18,Minor,male,17.29,0,2,yes,138,Hawthorne Dr,CA,northeast,No,exec-managerial,Yes,Electronic check,12829.4551,$265,$3180,FALSE,2347586,6504513,Silver,Blue Cross and Blue Shield of Texas,29418,807G113OH5135,2/8/2009,CareSource Marketplace Standard Silver,HMO,2/8/2009,259,3.00E+06,53180,YES,1/20/2015
4629-NRXKX,63,Major,female,32.2,0,2,yes,146,Hawthorne Dr,CA,southwest,No,protective-serv,No,Electronic check,47305.305,$467,$5604,TRUE,5145436,3576035,Silver,Anthem Blue Cross and Blue Shield,62141,306Z176YD6652,6/28/2010,CareSource Marketplace HSA Eligible Bronze,HMO,6/28/2010,153,0,24600,NO,1/4/2015
9514-JDSKI,54,Major,male,34.21,1,2,yes,129,Sea Green Dr,IN,southeast,No,craft-repair,Yes,Electronic check,44260.7499,$298 ,$3576,TRUE,314182,9381588,Expanded Bronze,Ambetter of Magnolia Inc.,20507,155N718EN3083,9/19/1995,CareSource Marketplace Standard Silver,HMO,9/19/1995,208,0,44110,?,1/24/2015
3282-ZISZV,27,Major,male,30.3,0,3,no,99,Scarborough Fare,NV,southwest,No,priv-house-serv,No,Credit card (automatic),4260.744,$253 ,$3036,FALSE,9371817,9003723,Silver,Ambetter from Home State Health,76179,413W855OK8516,2/20/2009,HMO 8150 Elite Catastrophic,HMO,2/20/2009,95,0,25180,YES,1/28/2015
3675-YDUPJ,50,Major,male,31.825,0,0,yes,105,Scarborough Fare,CO,northeast,No,transport-moving,Yes,Mailed check,41097.16175,$248 ,$2976,FALSE,761137,1390886,Expanded Bronze,Arkansas Blue Cross and Blue Shield,30252,78T589UT3745,2/4/2004,Silver 3,EPO,2/4/2004,332,1.00E+06,85200,?,1/22/2015
4111-BNXIF,55,Major,female,25.365,0,3,no,7,Honeysuckle Ct,CA,northeast,Yes,transport-moving,Yes,Electronic check,13047.33235,$250 ,$3000,FALSE,3650351,4640344,Gold,Community Health Choice,30751,361K377JK4340,7/16/2014,Connected Care Bronze Plus,PPO,7/16/2014,276,2.00E+06,49080,?,2/4/2015
7017-VFHAY,56,Major,male,33.63,0,0,yes,977,Farmington Ave,CA,northwest,No,other-service,No,Credit card (automatic),43921.1837,$312 ,$3744,TRUE,4218033,7704848,Expanded Bronze,Anthem Blue Cross and Blue Shield,21333,561I678HD4907,10/2/1997,BlueDirect 90 Gold,PPO,10/2/1997,161,0,65520,?,2/21/2015
6655-LHBYW,38,Major,female,40.15,0,0,no,969,Farmington Ave,PA,southeast,No,craft-repair,Yes,Credit card (automatic),5400.9805,$307 ,$3684,TRUE,6115298,138454,Bronze,"Avera Health Plans, Inc.",98185,302N862BT2813,9/29/1997,Dean Bronze Value Copay 8100X,HMO,9/29/1997,357,7.00E+06,62830,?,1/13/2015
4959-JOSRX,51,Major,male,24.415,0,4,no,967,Farmington Ave,SC,northwest,No,exec-managerial,No,Credit card (automatic),11520.09985,$299 ,$3588,TRUE,7224201,2997777,Catastrophic,Blue Cross and Blue Shield of Texas,45636,514G983WH4595,2/20/2001,Anthem Bronze Pathway X HMO 5200,HMO,2/20/2001,54,0,92290,YES,2/5/2015
5046-NUHWD,19,Minor,male,31.92,1,0,yes,965,Farmington Ave,TX,northwest,No,adm-clerical,Yes,Electronic check,33750.2918,$271 ,$3252,TRUE,421638,9202405,Expanded Bronze,Blue Cross Blue Shield Healthcare Plan of Georgia,38345,963T961GM2366,6/15/2014,Connected Care Expanded Bronze,PPO,6/15/2014,72,1.00E+06,75800,?,2/10/2015
7273-TEFQD,58,Major,female,25.2,1,0,no,21,Honeysuckle Ct,TX,southwest,No,transport-moving,No,Electronic check,11837.16,$187 ,$2244,TRUE,3410977,8347356,Gold,Medica,70893,260J134QP9414,12/14/1991,Care Connect HDHP Bronze,HMO,12/14/1991,320,1.00E+06,52650,?,2/8/2015
3606-TWKGI,20,Minor,female,26.84,1,1,yes,87,Rosewood Ln,AL,southeast,No,craft-repair,No,Electronic check,17085.2676,$300 ,$3600,TRUE,920194,5700454,Silver,Cigna Healthcare,11269,994V30TV6540,11/25/2002,Ambetter Secure Care 5 (2020),HMO,11/25/2002,568,1.00E+06,68400,?,1/21/2015
7529-ZDFXI,52,Major,male,24.32,1,3,yes,20,Sea Green Dr,OR,northeast,No,transport-moving,Yes,Electronic check,24869.8368,$276 ,$3312,TRUE,1858857,6640413,Silver,Blue Care Network of Michigan,60536,362K846DE8669,4/7/1998,HMO 5000 Elite Bronze,HMO,4/7/1998,369,3.00E+06,99330,YES,2/28/2015
7605-BDWDC,19,Minor,male,36.955,0,0,yes,17,Honeysuckle Ct,NJ,northwest,No,machine-op-inspct,Yes,Bank transfer (automatic),36219.40545,$238 ,$2856,TRUE,994804,4309240,Gold,Ambetter of Peach State Inc.,29276,109U210MB6086,8/17/2014,Med Expanded Bronze 4800 Copay Plan - no deductible for one urgent care and all PCP visits,HMO,8/17/2014,240,1.00E+06,13400,YES,2/27/2015
1950-KSVVJ,53,Major,female,38.06,0,3,no,19,Honeysuckle Ct,CA,southeast,No,other-service,No,Mailed check,20462.99766,$388 ,$4656,FALSE,3826724,3361084,Silver,Quartz,70893,661R505PU3993,3/16/2008,PacificSource Oregon Standard Silver Plan NAV,PPO,3/16/2008,17,3.00E+06,2470,NO,1/5/2015
0123-CRBRT,46,Major,male,42.35,0,3,yes,89,Rosewood Ln,CA,southeast,No,prof-specialty,Yes,Mailed check,46151.1245,$332 ,$3984,FALSE,8359202,2658120,Silver,Blue Cross and Blue Shield of Texas,30252,623X197BM4949,4/14/1992,Constant Care Silver 1,HMO,4/14/1992,538,1.00E+06,63960,NO,1/13/2015
6292-TOSSS,40,Major,male,19.8,0,1,yes,15,Sea Green Dr,CA,southeast,No,farming-fishing,Yes,Bank transfer (automatic),17179.522,$459 ,$5508,TRUE,4557601,7818321,Expanded Bronze,Medica,37903,112K213DG2846,10/28/1999,Blue Advantage Silver HMO 205 - Two $25 PCP Visits,HMO,10/28/1999,249,1.00E+06,8330,NO,2/27/2015
3197-ARFOY,59,Major,female,32.395,1,3,no,103,Rosewood Ln,NH,northeast,No,machine-op-inspct,Yes,Mailed check,14590.63205,$291 ,$3492,FALSE,1375264,2775770,Silver,Blue Cross Blue Shield of Michigan,70893,418A884BN8615,2/11/1994,Medica Insure Bronze HSA,EPO,2/11/1994,62,2.00E+06,50000,NO,1/10/2015
6323-AYBRX,45,Major,male,30.2,0,1,no,95,Rosewood Ln,CA,southwest,No,armed-forces,No,Mailed check,7441.053,$326,$3912,TRUE,8453478,5869445,Catastrophic,Blue Cross Blue Shield Healthcare Plan of Georgia,29418,49C695VX9428,2/21/1999,Care Connect Bronze Plus,HMO,2/21/1999,60,3.00E+06,48910,?,2/2/2015
7014-ZZXAW,49,Major,male,25.84,0,1,no,215,Rosewood Ln,OH,northeast,No,handlers-cleaners,Yes,Credit card (automatic),9282.4806,$102,$1224,TRUE,7529962,3867758,Expanded Bronze,Ambetter of Magnolia Inc.,33602,923Q409VX2491,5/29/2003,Cigna Connect 5500,HMO,5/29/2003,202,0,89500,YES,2/25/2015
4385-GZQXV,18,Minor,male,29.37,1,1,no,77,Rosewood Ln,OH,southeast,No,tech-support,Yes,Electronic check,1719.4363,$400,$4800,TRUE,7781889,7606057,Silver,PacificSource Health Plans,32753,375E840KU7404,3/6/2010,CareSource Marketplace Standard Silver,HMO,3/6/2010,361,6.00E+06,38730,YES,1/21/2015
7633-MVPUY,50,Major,male,34.2,0,2,yes,20,Cypress Cir,MA,southwest,No,armed-forces,Yes,Electronic check,42856.838,$413,$4956,FALSE,3245260,1922878,Silver,Highmark Inc.,21333,885R560EY7302,12/10/1993,Medica Individual Choice Bronze Share Plus,HMO,12/10/1993,84,0,53750,YES,2/28/2015
6366-ZGQGL,41,Major,male,37.05,0,2,no,22,Cypress Cir,OK,northwest,No,farming-fishing,No,Bank transfer (automatic),7265.7025,$147,$1764,TRUE,8047931,124046,Expanded Bronze,Blue Cross Blue Shield Healthcare Plan of Georgia,74406,410M652QJ5257,7/3/1992,Anthem HealthKeepers Bronze X 5250,HMO,7/3/1992,294,0,98910,NO,2/27/2015
4716-HHKQH,50,Major,male,27.455,1,1,no,963,Farmington Ave,CA,northeast,No,handlers-cleaners,Yes,Electronic check,9617.66245,$148,$1776,TRUE,7649514,688131,Silver,Anthem Blue Cross and Blue Shield,89942,749M78DB7164,2/18/1999,Blue Advantage Plus Silver 202,HMO,2/18/1999,234,6.00E+06,49750,YES,1/14/2015
5940-AHUHD,25,Major,male,27.55,0,0,no,959,Farmington Ave,ID,northwest,No,tech-support,Yes,Mailed check,2523.1695,$360,$4320,FALSE,3694306,8840398,Silver,Oscar Insurance Company,42326,147I150XL7041,9/11/1997,Ambetter Secure Care 5 (2020) + Vision + Adult Dental,HMO,9/11/1997,53,0,54080,YES,2/13/2015
6432-TWQLB,47,Major,female,26.6,0,2,no,957,Farmington Ave,NY,northeast,No,prof-specialty,No,Electronic check,9715.841,$117,$1404,TRUE,580733,1479357,Silver,Ambetter from MHS,40047,414S151RS8072,3/10/1991,Ambetter Balanced Care 15 (2020) + Vision + Adult Dental,EPO,3/10/1991,313,8.00E+06,6770,NO,2/9/2015
4484-GLZOU,19,Minor,male,20.615,0,2,no,955,Farmington Ave,CA,northwest,No,craft-repair,No,Electronic check,2803.69785,$179,$2148,TRUE,6126338,2891222,Expanded Bronze,Blue Care Network of Michigan,56503,772F913TY4863,11/20/2005,Ambetter Essential Care 1 (2020),HMO,11/20/2005,205,1.00E+06,48400,NO,2/7/2015
3179-GBRWV,22,Major,female,24.3,1,0,no,24,Cypress Cir,TX,southwest,No,tech-support,Yes,Bank transfer (automatic),2150.469,$382,$4584,TRUE,482761,1304598,Silver,Anthem Blue Cross and Blue Shield,20129,785Z94BH4381,6/4/2012,Oscar Classic Gold,HMO,6/4/2012,183,1.00E+06,23000,?,2/8/2015
8645-KWHJO,59,Major,male,31.79,0,2,no,1159,Edgewood Rd,MD,southeast,No,tech-support,No,Electronic check,12928.7911,$223,$2676,TRUE,6502050,396028,Gold,Oscar Buckeye State Insurance Corp.,90714,776F160NG3485,1/7/2011,Core Care Bronze 1 + Vision,HMO,1/7/2011,50,2.00E+06,19050,NO,1/24/2015
4130-MZLCC,51,Major,female,21.56,0,1,no,2240,Chamberlain Hwy,IN,southeast,No,priv-house-serv,No,Bank transfer (automatic),9855.1314,$398,$4776,FALSE,1328708,7540892,Silver,Medica,32753,66B635EM9825,1/2/2004,Anthem Silver Pathway X HMO 2600,HMO,1/2/2004,167,0,79900,YES,1/3/2015
0314-TKOSI,40,Major,female,28.12,0,1,yes,2288,Chamberlain Hwy,OR,northeast,No,priv-house-serv,No,Mailed check,22331.5668,$274,$3288,FALSE,6410467,7488049,Bronze,Ambetter of Peach State Inc.,45845,913W959WJ3069,2/17/2009,BlueEssentials Silver 14,EPO,2/17/2009,33,0,39690,NO,1/23/2015
8229-MYEJZ,54,Major,male,40.565,0,3,yes,2270,Chamberlain Hwy,NY,northeast,No,adm-clerical,Yes,Electronic check,48549.17835,$445,$5340,TRUE,4065719,2935806,Catastrophic,Highmark Blue Cross Blue Shield West Virginia,62141,902P518EH5316,7/7/1996,BlueCare EPO Simple Silver HDHP,EPO,7/7/1996,50,0,36100,YES,2/25/2015
2080-SRCDE,30,Major,male,27.645,0,1,no,78,N Colony Rd,MS,northeast,Yes,sales,No,Mailed check,4237.12655,$256,$3072,FALSE,4752429,3293573,Silver,Blue Cross Blue Shield of Wyoming,29341,402U649BZ2377,4/8/2003,Cigna Connect 6500,EPO,4/8/2003,267,4.00E+06,154740,YES,1/3/2015
9577-WJVCQ,55,Major,female,32.395,0,1,no,921,Edgewood Rd,NJ,northeast,No,protective-serv,No,Mailed check,11879.10405,$219,$2628,TRUE,1550370,3338154,Silver,Medica,54192,399H104JR9976,3/26/1990,Silver Plan 2,PPO,3/26/1990,200,0,60050,YES,3/1/2015
9512-UIBFX,52,Major,female,31.2,0,0,no,77,Scarborough Fare,CA,southwest,No,prof-specialty,No,Mailed check,9625.92,$493,$5916,TRUE,1684328,1243548,Expanded Bronze,QualChoice Health Insurance,76179,122Q937YR2658,3/28/2006,MyBlue Health Silver 405,HMO,3/28/2006,39,0,25300,?,2/28/2015
6202-DYYFX,46,Major,male,26.62,0,1,no,91,Scarborough Fare,TN,southeast,No,exec-managerial,No,Credit card (automatic),7742.1098,$240,$2880,TRUE,1889432,1046320,Silver,Blue Cross and Blue Shield of Texas,33602,101P479AY8442,8/21/1994,Ambetter Essential Care 10 (2020) + Vision + Adult Dental,EPO,8/21/1994,209,0,4900,YES,1/19/2015
3808-HFKDE,46,Major,female,48.07,0,2,no,23,Cypress Cir,WA,northeast,No,craft-repair,No,Electronic check,9432.9253,$271,$3252,TRUE,6798678,538259,Gold,Arkansas Blue Cross and Blue Shield,70525,782X607DI3063,12/11/1994,"Select $8,150",EPO,12/11/1994,312,0,16700,NO,1/25/2015
5583-SXDAG,63,Major,female,26.22,0,0,no,239,Hawthorne Dr,MA,northwest,No,exec-managerial,No,Electronic check,14256.1928,$300,$3600,TRUE,3003170,6217230,Silver,Ambetter from Arkansas Health & Wellness,16842,229D411DT7226,9/29/2005,SummaCare Gold 1500 with SCConnect Network and 3 Free PCP Visits,HMO,9/29/2005,12,1.00E+06,63100,?,2/9/2015
3488-PGMQJ,59,Major,female,36.765,1,1,yes,244,Hawthorne Dr,PA,northeast,No,armed-forces,Yes,Electronic check,47896.79135,$111,$1332,FALSE,2883114,138837,Silver,"Avera Health Plans, Inc.",77552,938U21FW5997,8/31/2014,Ambetter Balanced Care 6 (2020),PPO,8/31/2014,34,0,60300,?,2/28/2015
3580-REOAC,52,Major,male,26.4,0,3,no,42,Sea Green Dr,KY,southeast,No,other-service,No,Credit card (automatic),25992.82104,$477,$5724,TRUE,189429,7235717,Silver,Ambetter from MHS,99723,160P883IN8477,10/31/2013,my Blue Access EPO Silver 3950 HSA,EPO,10/31/2013,414,0,92200,?,2/12/2015
7534-BFESC,28,Major,female,33.4,1,0,no,18,Honeysuckle Ct,PA,southwest,No,exec-managerial,No,Electronic check,3172.018,$380,$4560,TRUE,918868,2561709,Silver,CareSource Just4Me,11512,710U610AC4760,2/22/1992,BlueOptions Platinum 1424,EPO,2/22/1992,316,0,53300,YES,1/28/2015
3727-OWVYD,29,Major,male,29.64,0,1,no,6,Honeysuckle Ct,MA,northeast,No,machine-op-inspct,No,Mailed check,20277.80751,$323,$3876,FALSE,788544,8130629,Silver,Ambetter of Peach State Inc.,21663,969N739XY3979,5/14/2006,Anthem Bronze Pathway X HMO 5200,HMO,5/14/2006,105,0,65100,?,2/14/2015
2294-SALNE,25,Major,male,45.54,0,2,yes,29,Sea Green Dr,CA,southeast,No,craft-repair,Yes,Mailed check,42112.2356,$387,$4644,TRUE,5146113,4009357,Gold,New Mexico Health Connections,70893,205K482FE6220,9/29/1997,my Blue Access WV Major Events EPO 8150 - 3 Free PCP Visits,EPO,9/29/1997,93,6.00E+06,13140,?,1/13/2015
4847-TAJYI,22,Major,female,28.82,1,0,no,16,Honeysuckle Ct,VT,southeast,No,protective-serv,Yes,Electronic check,2156.7518,$125,$1500,TRUE,6357489,4381867,Bronze,Ambetter of Peach State Inc.,33602,364S829VL9586,4/7/1992,my Blue Access WV EPO Gold 800 - 2 Free PCP Visits,EPO,4/7/1992,103,9.00E+06,76790,?,1/9/2015
1563-IWQEX,25,Major,male,26.8,0,3,no,8,Honeysuckle Ct,CA,southwest,No,prof-specialty,No,Mailed check,3906.127,$293,$3516,TRUE,9239334,5357375,Expanded Bronze,Ambetter from MHS,90714,392C445WQ5267,9/20/1990,"CareSource Marketplace Gold Dental, Vision, & Fitness",HMO,9/20/1990,141,0,40660,YES,1/28/2015
8203-XJZRC,18,Minor,male,22.99,0,0,no,22,Honeysuckle Ct,AZ,northeast,No,handlers-cleaners,No,Mailed check,1704.5681,$146,$1752,FALSE,180874,1873043,Gold,BlueCross BlueShield of South Carolina,33709,701F130FY9197,2/12/2009,Ambetter Secure Care 5 (2020) + Vision + Adult Dental,EPO,2/12/2009,256,0,70430,YES,1/21/2015
6556-DBKZF,19,Minor,male,27.7,0,0,yes,56,N Colony Rd,MA,southwest,Yes,machine-op-inspct,Yes,Electronic check,16297.846,$377,$4524,FALSE,1766047,6636223,Expanded Bronze,Priority Health,11512,748D434TK3215,7/22/2004,my Blue Access WV EPO Gold 800 - 2 Free PCP Visits,EPO,7/22/2004,177,0,102190,NO,1/1/2015
6851-WEFYX,47,Major,male,25.41,1,1,yes,2200,Chamberlain Hwy,VA,southeast,No,exec-managerial,Yes,Electronic check,21978.6769,$215,$2580,FALSE,693869,793561,Catastrophic,Medica,38345,864Y799RR6253,10/24/2007,IND Bronze HMO  7500,HMO,10/24/2007,245,0,52000,YES,1/23/2015
2985-JUUBZ,31,Major,male,34.39,0,3,yes,60,N Colony Rd,WA,northwest,No,machine-op-inspct,Yes,Electronic check,38746.3551,$236,$2832,FALSE,2072282,5401092,Bronze,Anthem Blue Cross and Blue Shield,16322,100W188OU7332,10/8/1995,"CareSource Marketplace Low Deductible Silver Dental, Vision, & Fitness",HMO,10/8/1995,186,5.00E+06,59330,?,2/16/2015
